window,mse,mae,smape,crps,wis50,wis80,wis90,cov50,cov80,cov90,sharp80,ece_q,mse_naive,mae_naive,pinball_p10,pinball_p50,pinball_p90
1,0.0021140240132808685,0.037424903362989426,0.6556115578860044,0.12003515660762787,0.6628633141517639,1.3889743089675903,1.8209840059280396,1.0,1.0,1.0,1.3889743089675903,0.22556390977443608,0.019557754911407495,0.11221422467912946,0.06622389703989029,0.018712451681494713,0.07267354428768158
2,0.018104884773492813,0.11538199335336685,2.0344819873571396,0.1330646574497223,0.6527675986289978,1.3741694688796997,1.7469485998153687,1.0,1.0,1.0,1.3741694688796997,0.2263157894736842,0.01924986559424724,0.11830956595284599,0.07709752768278122,0.057690996676683426,0.060319431126117706
3,0.023670615628361702,0.13508865237236023,2.3875143378973007,0.14135245978832245,0.6968713402748108,1.4667006731033325,1.8561594486236572,1.0,1.0,1.0,1.4667006731033325,0.23383458646616537,0.01718275836511956,0.1148334230695452,0.07554779946804047,0.06754432618618011,0.07112228125333786
4,0.019537148997187614,0.12275811284780502,2.16545183211565,0.13489249348640442,0.6931248903274536,1.3230119943618774,1.793375849723816,1.0,1.0,1.0,1.3230119943618774,0.21954887218045113,0.014846398255778175,0.10621445519583565,0.074374258518219,0.06137905642390251,0.057926926761865616
5,0.008868183940649033,0.08038009703159332,1.4127830043435097,0.13929308950901031,0.7138693928718567,1.512785792350769,1.9978586435317993,0.8571428571428571,1.0,1.0,1.512785792350769,0.18345864661654135,0.005968585152491609,0.07088109425136022,0.07791001349687576,0.04019004851579666,0.07336855679750443
6,0.012158109806478024,0.09286124259233475,1.6339149326086044,0.12182005494832993,0.623562216758728,1.3486156463623047,1.736350178718567,1.0,1.0,1.0,1.3486156463623047,0.23383458646616548,0.02242673877744242,0.12821435928344727,0.05285610631108284,0.046430621296167374,0.08200545608997345
7,0.32486972212791443,0.34904226660728455,6.579183042049408,0.2781398594379425,1.273482322692871,2.280104637145996,2.7996132373809814,0.8571428571428571,0.8571428571428571,0.8571428571428571,1.3490501642227173,0.23383458646616537,0.31704381442997537,0.316857065473284,0.12333933264017105,0.17452113330364227,0.10467113554477692
8,0.5708171725273132,0.48309168219566345,9.351561963558197,0.3808595836162567,1.7745274305343628,3.047722339630127,3.4655165672302246,0.7142857142857143,0.7142857142857143,0.7142857142857143,1.5510790348052979,0.23684210526315788,0.5694142026283251,0.4963573728288923,0.1686393916606903,0.24154584109783173,0.1361328661441803
9,0.8123673796653748,0.6454164385795593,12.611532211303711,0.47182589769363403,2.216442108154297,3.029423236846924,3.398375988006592,0.5714285714285714,0.5714285714285714,0.5714285714285714,1.492357611656189,0.28195488721804507,0.7560166323915253,0.6250478880746024,0.16697199642658234,0.32270821928977966,0.1359703242778778
10,0.8615961670875549,0.7222318649291992,14.38300758600235,0.5659370422363281,2.6092236042022705,4.2645087242126465,5.53623628616333,0.42857142857142855,0.42857142857142855,0.42857142857142855,1.431631326675415,0.3345864661654135,0.9075526591866492,0.7455950464521136,0.27394697070121765,0.3611159324645996,0.1525038629770279
11,0.9355879426002502,0.8198359608650208,16.49385541677475,0.6259132623672485,2.8616957664489746,4.7015509605407715,5.364159107208252,0.2857142857142857,0.2857142857142857,0.2857142857142857,1.4668267965316772,0.34962406015037595,1.025866429132488,0.8604284014020648,0.3034054934978485,0.4099179804325104,0.16674961149692535
12,1.3007608652114868,1.0582845211029053,21.13034576177597,0.8171771764755249,3.707141399383545,5.869337558746338,8.040886878967285,0.14285714285714285,0.14285714285714285,0.14285714285714285,1.4458558559417725,0.4398496240601504,1.2600048995685549,1.0435713359287806,0.40255603194236755,0.5291422605514526,0.18437768518924713
13,1.5289329290390015,1.2355626821517944,24.664533138275146,0.9480240941047668,4.316287517547607,6.633979797363281,8.42411994934082,0.0,0.0,0.14285714285714285,1.5003637075424194,0.4924812030075188,1.3897858532527283,1.1785002435956682,0.4620254933834076,0.6177813410758972,0.20137254893779755
14,0.004882292356342077,0.06949043273925781,1.5921501442790031,0.10350961238145828,0.5485068559646606,1.154532551765442,1.4705160856246948,1.0,1.0,1.0,1.154532551765442,0.23834586466165408,0.0049731458852225584,0.06785692487444196,0.06144791468977928,0.034745216369628906,0.05400534346699715
15,0.0008772089495323598,0.02478824369609356,0.5629861261695623,0.09401907026767731,0.5259333252906799,1.130468487739563,1.3971434831619263,1.0,1.0,1.0,1.130468487739563,0.22556390977443608,0.0008327495228773582,0.021714346749441966,0.05437686666846275,0.01239412184804678,0.05866997689008713
16,0.0010983890388160944,0.027436187490820885,0.6211218889802694,0.09964169561862946,0.5656688809394836,1.1266053915023804,1.4995768070220947,1.0,1.0,1.0,1.1266053915023804,0.2481203007518797,0.0009885291515924369,0.02609525408063616,0.053908467292785645,0.013718093745410442,0.05875208601355553
17,0.0014540681149810553,0.03065783716738224,0.6950209382921457,0.1074955090880394,0.5823997259140015,1.2075680494308472,1.4951305389404297,1.0,1.0,1.0,1.2075680494308472,0.22556390977443608,0.0010535884746981797,0.02883345740182059,0.05538523197174072,0.01532891858369112,0.065371572971344
18,0.0013185611460357904,0.02921983227133751,0.6629836279898882,0.09570778161287308,0.5238988995552063,1.1280664205551147,1.4265954494476318,1.0,1.0,1.0,1.1280664205551147,0.22556390977443608,0.0010684545781194693,0.02992868423461914,0.056620627641677856,0.014609916135668755,0.0561860129237175
19,0.0042740837670862675,0.055209703743457794,1.2504234910011292,0.11215559393167496,0.6236066818237305,1.190509557723999,1.5253236293792725,1.0,1.0,1.0,1.190509557723999,0.22556390977443608,0.006455659142927418,0.06971447808401925,0.06358299404382706,0.027604851871728897,0.05546797066926956
20,0.0015328729059547186,0.032406534999608994,0.731109781190753,0.10065241158008575,0.5700253248214722,1.1649038791656494,1.4817770719528198,1.0,1.0,1.0,1.1649038791656494,0.21052631578947367,0.004603083645731333,0.05928591319492885,0.06005362421274185,0.016203267499804497,0.05643676966428757
21,0.012195008806884289,0.1062827780842781,2.411782182753086,0.11059008538722992,0.5674671530723572,1.0862324237823486,1.4429914951324463,0.8571428571428571,1.0,1.0,1.0862324237823486,0.2263157894736842,0.00720874168694406,0.08050005776541573,0.06148624047636986,0.05314138904213905,0.04713701084256172
22,0.003495151409879327,0.0507027767598629,1.1410805396735668,0.09455467760562897,0.5161060690879822,1.0687506198883057,1.3337246179580688,1.0,1.0,1.0,1.0687506198883057,0.2180451127819549,0.0008130534768692346,0.02499995912824358,0.05140012130141258,0.02535138837993145,0.05547494441270828
23,0.0016834496054798365,0.036265987902879715,0.8122800849378109,0.0954664945602417,0.5478801727294922,1.044468879699707,1.335329294204712,1.0,1.0,1.0,1.044468879699707,0.22556390977443608,0.0011678893194389925,0.030261925288609097,0.04850145801901817,0.018132993951439857,0.05594542622566223
24,0.0047959983348846436,0.05968393757939339,1.3451064936816692,0.10699273645877838,0.5866187810897827,1.1449015140533447,1.476118803024292,1.0,1.0,1.0,1.1449015140533447,0.2180451127819549,0.001859333514273333,0.03909506116594587,0.05674907565116882,0.029841968789696693,0.05774107947945595
25,0.0016560759395360947,0.03139468654990196,0.7037580478936434,0.09761948883533478,0.5211851000785828,1.0616408586502075,1.3824068307876587,1.0,1.0,1.0,1.0616408586502075,0.21052631578947367,0.0029024578863235157,0.05149991171700614,0.049324218183755875,0.01569734327495098,0.05683986097574234
26,0.003800675505772233,0.056641578674316406,1.2628545053303242,0.09953325241804123,0.5371055006980896,1.1378897428512573,1.4693034887313843,1.0,1.0,1.0,1.1378897428512573,0.24586466165413534,0.002786801975844355,0.047714437757219584,0.05052807927131653,0.028320789337158203,0.06326090544462204
27,0.001440616324543953,0.034988608211278915,0.7855460047721863,0.10649216175079346,0.6053014397621155,1.2234132289886475,1.5629700422286987,1.0,1.0,1.0,1.2234132289886475,0.22556390977443608,0.0014081733191752782,0.029214177812848772,0.05453703552484512,0.017494304105639458,0.06780429184436798
28,0.005128427408635616,0.05989211052656174,1.3381305150687695,0.10918671637773514,0.6320801377296448,1.1755412817001343,1.4871631860733032,1.0,1.0,1.0,1.1755412817001343,0.2330827067669173,0.0008475002398102203,0.022142955235072544,0.04932957887649536,0.02994605526328087,0.06822456419467926
29,0.003475280711427331,0.05261080712080002,1.1768444441258907,0.10634418576955795,0.5546411275863647,1.2035144567489624,1.5561144351959229,1.0,1.0,1.0,1.2035144567489624,0.24060150375939854,0.0016062258644719155,0.03428588594709124,0.04948221519589424,0.02630540356040001,0.07086924463510513
30,0.0006614996818825603,0.020739691331982613,0.4679534584283829,0.09355383366346359,0.5352533459663391,1.040178656578064,1.3143174648284912,1.0,1.0,1.0,1.040178656578064,0.2330827067669173,0.001217324077255658,0.029738289969308034,0.05014117434620857,0.010369845665991306,0.053876690566539764
31,0.0013999867951497436,0.030895233154296875,0.6943910848349333,0.09874492138624191,0.5477291941642761,1.1548988819122314,1.4843690395355225,1.0,1.0,1.0,1.1548988819122314,0.22556390977443608,0.0008520668839732284,0.02328545706612723,0.04975094273686409,0.015447616577148438,0.06573896110057831
32,0.0023947786539793015,0.04250567406415939,0.9521538391709328,0.10135921090841293,0.5564018487930298,1.1674724817276,1.5058740377426147,1.0,1.0,1.0,1.1674724817276,0.21052631578947373,0.0005879644086560022,0.018547398703438894,0.047732044011354446,0.021252837032079697,0.06901519745588303
33,0.0004357083234935999,0.012866837903857231,0.28961298521608114,0.09812431037425995,0.5653501749038696,1.117735743522644,1.4441124200820923,1.0,1.0,1.0,1.117735743522644,0.2481203007518797,0.001704871145258429,0.03900010245186942,0.05527354031801224,0.006433418951928616,0.05650004372000694
34,0.0005592275410890579,0.019430024549365044,0.43564806692302227,0.09341449290513992,0.5378677248954773,1.1003942489624023,1.416085124015808,1.0,1.0,1.0,1.1003942489624023,0.2481203007518797,0.0006867514024569184,0.02364274433680943,0.05546130612492561,0.009715012274682522,0.05457812547683716
35,0.003537604585289955,0.053171295672655106,1.203352864831686,0.09430509805679321,0.4969000816345215,1.113653302192688,1.4631251096725464,1.0,1.0,1.0,1.113653302192688,0.26090225563909775,0.0006393647681761649,0.02428572518484933,0.054960500448942184,0.026585647836327553,0.056404829025268555
36,0.001414877362549305,0.03166784718632698,0.7117000874131918,0.09632585942745209,0.5571714043617249,1.0889531373977661,1.4148668050765991,1.0,1.0,1.0,1.0889531373977661,0.24060150375939854,0.0009937809266245626,0.02299976348876953,0.05426781624555588,0.01583392359316349,0.054627496749162674
37,0.0013614223571494222,0.032696790993213654,0.7312262896448374,0.10570959001779556,0.613958477973938,1.1332390308380127,1.4673858880996704,1.0,1.0,1.0,1.1332390308380127,0.2330827067669173,0.0017181759981862602,0.030487877982003347,0.05316615849733353,0.016348395496606827,0.06015774980187416
38,0.0030109987128525972,0.05000918358564377,1.1156586930155754,0.10475156456232071,0.5646677017211914,1.1315480470657349,1.4639489650726318,1.0,1.0,1.0,1.1315480470657349,0.2180451127819549,0.002530533088767178,0.03974996294294085,0.05476737022399902,0.025004591792821884,0.058387428522109985
39,0.0016407183138653636,0.03260558098554611,0.7266908884048462,0.10115659236907959,0.5775245428085327,1.1371971368789673,1.474609136581421,1.0,1.0,1.0,1.1371971368789673,0.19548872180451132,0.003430976326853852,0.050785609654017856,0.05198531225323677,0.016302790492773056,0.0617344006896019
40,0.007579238153994083,0.07638005167245865,1.703006587922573,0.10760406404733658,0.5693466067314148,1.1830313205718994,1.500353455543518,1.0,1.0,1.0,1.1830313205718994,0.2157894736842105,0.00668596020701833,0.07378557750156947,0.06376998871564865,0.038190025836229324,0.05453315004706383
41,0.029652420431375504,0.1639537811279297,3.680672124028206,0.1268102079629898,0.5819985270500183,1.0738270282745361,1.3269264698028564,1.0,1.0,1.0,1.0738270282745361,0.2646616541353383,0.015516178493369028,0.12007107053484235,0.06598897278308868,0.08197689056396484,0.04139373451471329
42,0.009579375386238098,0.08961187303066254,1.9938832148909569,0.10643192380666733,0.568288266658783,1.0869685411453247,1.3882700204849243,1.0,1.0,1.0,1.0869685411453247,0.2413533834586466,0.006235993198158342,0.07457126889910017,0.062354039400815964,0.04480593651533127,0.046342816203832626
43,0.00494347233325243,0.0616869255900383,1.3689537532627583,0.11328504979610443,0.6117271780967712,1.1844457387924194,1.5362129211425781,1.0,1.0,1.0,1.1844457387924194,0.23834586466165414,0.0012433008807225374,0.03342853273664202,0.06210574135184288,0.03084346279501915,0.0563388429582119
44,0.001553630456328392,0.03379501774907112,0.7468253374099731,0.09896775335073471,0.5556491017341614,1.1620744466781616,1.4430497884750366,1.0,1.0,1.0,1.1620744466781616,0.22556390977443608,0.0013413166689783143,0.03454753330775669,0.052456509321928024,0.01689750887453556,0.06375094503164291
45,0.021736320108175278,0.1151462271809578,2.51189898699522,0.127791166305542,0.664388120174408,1.2846165895462036,1.562999963760376,1.0,1.0,1.0,1.2846165895462036,0.2263157894736842,0.0020796048052358984,0.0407498904636928,0.04542471095919609,0.0575731135904789,0.08303695172071457
46,0.010700821876525879,0.09017358720302582,1.9822847098112106,0.11330502480268478,0.5940909385681152,1.1480873823165894,1.4584871530532837,1.0,1.0,1.0,1.1480873823165894,0.21127819548872181,0.0035239812779244467,0.05203560420445034,0.04651027172803879,0.04508679360151291,0.06829846650362015
47,0.002739622723311186,0.04509776085615158,0.9985473938286304,0.09622160345315933,0.5399259924888611,1.066135287284851,1.3191063404083252,1.0,1.0,1.0,1.066135287284851,0.23082706766917296,0.005578148093523591,0.07042857578822545,0.04735277220606804,0.02254888042807579,0.05926075205206871
48,0.003990937955677509,0.05704757198691368,1.271912269294262,0.0911194309592247,0.4907439053058624,1.020187497138977,1.3417593240737915,1.0,1.0,1.0,1.020187497138977,0.20300751879699247,0.004160021348070586,0.0606426511492048,0.0519699864089489,0.02852378599345684,0.05004876106977463
49,0.003909711726009846,0.04554019495844841,1.0115652345120907,0.09859352558851242,0.5559672713279724,1.131819486618042,1.4350305795669556,1.0,1.0,1.0,1.131819486618042,0.22556390977443608,0.0020805472454737484,0.026928561074393138,0.05923371762037277,0.022770097479224205,0.05394823104143143
50,0.0005948384641669691,0.01833200454711914,0.4017750732600689,0.09801014512777328,0.5756845474243164,1.125028371810913,1.415218710899353,1.0,1.0,1.0,1.125028371810913,0.25563909774436094,0.003985429945162521,0.0451427868434361,0.05368971452116966,0.00916600227355957,0.058813124895095825
51,0.00675653712823987,0.06407540291547775,1.4142615720629692,0.10545507818460464,0.5752978324890137,1.165191650390625,1.4347057342529297,1.0,1.0,1.0,1.165191650390625,0.22556390977443608,0.006007810083994107,0.06042868750435965,0.05771071836352348,0.032037701457738876,0.058808453381061554
52,0.010362296365201473,0.08748197555541992,1.9281983375549316,0.11661498993635178,0.6288385987281799,1.2569730281829834,1.638095736503601,1.0,1.0,1.0,1.2569730281829834,0.23834586466165414,0.008709997134116878,0.07852363586425781,0.06924031674861908,0.04374098777770996,0.05645699054002762
53,0.004093851428478956,0.05792713165283203,1.266169548034668,0.09813851118087769,0.5671071410179138,1.0610520839691162,1.3316923379898071,1.0,1.0,1.0,1.0610520839691162,0.26090225563909775,0.012187628759550404,0.09942858559744698,0.054940979927778244,0.028963565826416016,0.05116422846913338
54,0.026724938303232193,0.15353597700595856,3.38677279651165,0.12279637902975082,0.5392690300941467,1.1750234365463257,1.5674577951431274,1.0,1.0,1.0,1.1750234365463257,0.2796992481203007,0.012699028309855618,0.10778576987130302,0.06937742978334427,0.07676798850297928,0.04812491312623024
55,0.011165617033839226,0.09815474599599838,2.1508991718292236,0.11611071974039078,0.6059159636497498,1.2102901935577393,1.5543899536132812,1.0,1.0,1.0,1.2102901935577393,0.24887218045112783,0.0045999913667336455,0.061785493578229635,0.06602754443883896,0.04907737299799919,0.05500147491693497
56,0.0038877702318131924,0.04670361056923866,1.0187453590333462,0.10632496327161789,0.5973830223083496,1.1853740215301514,1.5643765926361084,1.0,1.0,1.0,1.1853740215301514,0.23834586466165414,0.0015856652558535903,0.034499985831124444,0.053814422339200974,0.02335180528461933,0.06472297757863998
57,0.004072608891874552,0.05905287712812424,1.2839101254940033,0.11396119743585587,0.6145057082176208,1.181942105293274,1.5056370496749878,1.0,1.0,1.0,1.181942105293274,0.1954887218045113,0.0017008409253906262,0.03757143020629883,0.05809301510453224,0.02952643856406212,0.06010119989514351
58,0.0010461745550855994,0.028540952131152153,0.6216872949153185,0.09764859825372696,0.5399774312973022,1.1342556476593018,1.486970067024231,1.0,1.0,1.0,1.1342556476593018,0.2330827067669173,0.0018341330733814434,0.04016671861921038,0.053109485656023026,0.014270476065576077,0.06031608581542969
59,0.0013914760202169418,0.03341974690556526,0.7276216987520456,0.10109825432300568,0.5692722201347351,1.1487034559249878,1.4478940963745117,1.0,1.0,1.0,1.1487034559249878,0.2180451127819549,0.0035294260897639367,0.05219064440046038,0.04997268319129944,0.01670987345278263,0.06489766389131546
60,0.011588888242840767,0.09966141730546951,2.15490460395813,0.11466147005558014,0.5833788514137268,1.2056598663330078,1.5545209646224976,1.0,1.0,1.0,1.2056598663330078,0.24135338345864665,0.007046667843854136,0.07992860249110631,0.04557385295629501,0.049830708652734756,0.07499214261770248
61,0.0072814831510186195,0.07892485707998276,1.7105450853705406,0.11089364439249039,0.5925156474113464,1.1199299097061157,1.4556618928909302,0.8571428571428571,1.0,1.0,1.1199299097061157,0.20827067669172933,0.004292162910360275,0.06435714449201312,0.04202109947800636,0.03946242853999138,0.06997188925743103
62,0.0071740117855370045,0.04924385994672775,1.0676468722522259,0.10639388859272003,0.5798266530036926,1.1604750156402588,1.4548590183258057,1.0,1.0,1.0,1.1604750156402588,0.2330827067669173,0.0048619114847952005,0.03290482929774693,0.05986445024609566,0.024621929973363876,0.05618306249380112
63,0.019676391035318375,0.10502978414297104,2.2905107587575912,0.10711973905563354,0.5308350324630737,1.0970017910003662,1.412581443786621,1.0,1.0,1.0,1.0970017910003662,0.21127819548872181,0.010787774879353102,0.07628570284162249,0.06054198741912842,0.05251489207148552,0.049158185720443726
64,0.006177230272442102,0.05478436499834061,1.1764432303607464,0.11118463426828384,0.5791979432106018,1.257365107536316,1.6084846258163452,1.0,1.0,1.0,1.257365107536316,0.21052631578947367,0.0103658276535238,0.06921441214425224,0.0670863464474678,0.027392182499170303,0.0586501844227314
65,0.013870119117200375,0.09465176612138748,2.036181464791298,0.1172056570649147,0.607600748538971,1.2116879224777222,1.531533122062683,1.0,1.0,1.0,1.2116879224777222,0.22330827067669173,0.015178632888689338,0.09459550040108818,0.0655762106180191,0.04732588306069374,0.05559258908033371
66,0.019844871014356613,0.12299006432294846,2.6390675455331802,0.10817699879407883,0.49493005871772766,1.054374098777771,1.366891860961914,1.0,1.0,1.0,1.054374098777771,0.24135338345864654,0.022321832603113632,0.1257617814200265,0.06546693295240402,0.06149503216147423,0.03997047618031502
67,0.03637859225273132,0.16919538378715515,3.6250825971364975,0.1347811222076416,0.6083024740219116,1.2006291151046753,1.4563887119293213,1.0,1.0,1.0,1.2006291151046753,0.2421052631578947,0.03224885074749701,0.16271427699497767,0.07450152188539505,0.08459769189357758,0.04556138440966606
68,0.03824005648493767,0.18793222308158875,4.01684008538723,0.13738276064395905,0.6287558674812317,1.1779005527496338,1.521410346031189,0.8571428571428571,1.0,1.0,1.1779005527496338,0.2421052631578947,0.035584457659849376,0.18271439416067942,0.07172678411006927,0.09396611154079437,0.04606327787041664
69,0.009436078369617462,0.07443802803754807,1.5664957463741302,0.1092044785618782,0.5741561651229858,1.1918354034423828,1.534540057182312,1.0,1.0,1.0,1.1918354034423828,0.18796992481203012,0.003285559098100878,0.05142859050205776,0.06254124641418457,0.03721901401877403,0.05664229765534401
70,0.017833245918154716,0.11987952142953873,2.51967441290617,0.1177910715341568,0.605629026889801,1.205500841140747,1.5653905868530273,1.0,1.0,1.0,1.205500841140747,0.24887218045112783,0.014357405980522995,0.1066429955618722,0.06770486384630203,0.05993976071476936,0.05284523218870163
71,0.02864236757159233,0.14838340878486633,3.086360916495323,0.13790956139564514,0.634445071220398,1.378480076789856,1.7085981369018555,1.0,1.0,1.0,1.378480076789856,0.2646616541353383,0.02804976684706162,0.14007152829851424,0.07657993584871292,0.07419170439243317,0.06126808747649193
72,0.03178369626402855,0.1560443490743637,3.2202038913965225,0.12072893232107162,0.5272167921066284,1.110049843788147,1.4459800720214844,1.0,1.0,1.0,1.110049843788147,0.2646616541353383,0.029041745305578712,0.13780954905918666,0.06782548874616623,0.07802217453718185,0.04317949339747429
73,0.03758871927857399,0.14294740557670593,2.9274221509695053,0.1382172405719757,0.7081257104873657,1.286204218864441,1.5865709781646729,1.0,1.0,1.0,1.286204218864441,0.21879699248120302,0.025652026113805602,0.1261904580252511,0.07301761209964752,0.07147370278835297,0.05560281500220299
74,0.007066734135150909,0.07096835225820541,1.433759182691574,0.11571495980024338,0.63260418176651,1.2103347778320312,1.4919291734695435,1.0,1.0,1.0,1.2103347778320312,0.1804511278195489,0.0198892465714055,0.11849996021815709,0.06569112092256546,0.03548417612910271,0.05534236505627632
75,0.03936668112874031,0.18088047206401825,3.6857273429632187,0.13901807367801666,0.58040851354599,1.2391014099121094,1.6275599002838135,0.8571428571428571,1.0,1.0,1.2391014099121094,0.2571428571428571,0.037196312695381754,0.17592872892107284,0.07692470401525497,0.09044023603200912,0.046985428780317307
76,0.024720927700400352,0.15157201886177063,3.0662139877676964,0.13078323006629944,0.596272885799408,1.217341661453247,1.6275122165679932,0.8571428571428571,1.0,1.0,1.217341661453247,0.24210526315789477,0.03550842191397611,0.18121412822178432,0.07338506728410721,0.07578600943088531,0.04834910109639168
77,0.029756223782896996,0.17025668919086456,3.437485918402672,0.14551766216754913,0.6962830424308777,1.3273260593414307,1.6616451740264893,0.8571428571428571,1.0,1.0,1.3273260593414307,0.23458646616541354,0.02010175245534031,0.1390716688973563,0.0811828225851059,0.08512834459543228,0.05154978483915329
78,0.006638763938099146,0.050552982836961746,1.0141081176698208,0.11335987597703934,0.6301824450492859,1.2385987043380737,1.5766241550445557,1.0,1.0,1.0,1.2385987043380737,0.22330827067669173,0.007468886418207278,0.055857249668666294,0.05352478101849556,0.025276491418480873,0.07033509016036987
79,0.006204774137586355,0.060956478118896484,1.2241664342582226,0.12025810033082962,0.6524210572242737,1.3468998670578003,1.690460443496704,1.0,1.0,1.0,1.3468998670578003,0.22330827067669173,0.007103175740699693,0.06073808670043945,0.05679119750857353,0.030478239059448242,0.07789880037307739
80,0.008598743937909603,0.06195388361811638,1.2427368201315403,0.11654675006866455,0.6309394836425781,1.28061842918396,1.6632091999053955,1.0,1.0,1.0,1.28061842918396,0.21052631578947373,0.005692557707659164,0.05819048200334821,0.05465322360396385,0.03097694180905819,0.07340861111879349
81,0.007632895838469267,0.07484245300292969,1.498901192098856,0.11460064351558685,0.6160234212875366,1.2807025909423828,1.6008341312408447,1.0,1.0,1.0,1.2807025909423828,0.1954887218045113,0.007277048246123741,0.07778576442173549,0.060192178934812546,0.037421226501464844,0.06787808984518051
82,0.009636832401156425,0.06949901580810547,1.3922176323831081,0.11985567957162857,0.6162251234054565,1.3015573024749756,1.6170732975006104,1.0,1.0,1.0,1.3015573024749756,0.18796992481203012,0.00888650051284198,0.070857116154262,0.05534499138593674,0.034749507904052734,0.07481074333190918
83,0.012306736782193184,0.09771837294101715,1.9535500556230545,0.13107769191265106,0.6730400323867798,1.3457814455032349,1.7151472568511963,1.0,1.0,1.0,1.3457814455032349,0.18796992481203012,0.00948079762760504,0.08057144709995814,0.05912945047020912,0.048859186470508575,0.07544869929552078
84,0.014116493985056877,0.1034790426492691,2.068622037768364,0.1316978484392166,0.6727205514907837,1.3193340301513672,1.7399660348892212,0.8571428571428571,1.0,1.0,1.3193340301513672,0.20075187969924815,0.01566107812066418,0.10999999727521624,0.05612320080399513,0.05173952132463455,0.07581020891666412
85,0.023627443239092827,0.14314140379428864,2.9078397899866104,0.14019645750522614,0.6627898812294006,1.3909895420074463,1.7601169347763062,0.7142857142857143,1.0,1.0,1.3909895420074463,0.22330827067669173,0.021477154792884385,0.13600029264177596,0.07826322317123413,0.07157070189714432,0.06083572655916214
86,0.004736021161079407,0.04301554709672928,0.8609524928033352,0.11782337725162506,0.6316155195236206,1.191174864768982,1.5064784288406372,1.0,1.0,1.0,1.191174864768982,0.2030075187969925,0.005749098907277325,0.05530970437186105,0.06089422479271889,0.02150777354836464,0.058223266154527664
87,0.00251981639303267,0.04552030563354492,0.9103958494961262,0.11897893995046616,0.6681079268455505,1.3302069902420044,1.688283920288086,1.0,1.0,1.0,1.3302069902420044,0.2030075187969925,0.0037973244684183427,0.05878564289637974,0.05717512220144272,0.02276015281677246,0.07584558427333832
88,0.01716936007142067,0.12767376005649567,2.5381436571478844,0.13232876360416412,0.6510953903198242,1.3411492109298706,1.7482610940933228,0.8571428571428571,1.0,1.0,1.3411492109298706,0.2263157894736842,0.01819822518655201,0.13342857360839844,0.051992032676935196,0.06383688002824783,0.08212290704250336
89,0.0018301119562238455,0.03575638309121132,0.7190600968897343,0.10578219592571259,0.5856951475143433,1.2703126668930054,1.6462873220443726,1.0,1.0,1.0,1.2703126668930054,0.2481203007518797,0.0009396976918846381,0.025643008095877513,0.05255037173628807,0.01787819154560566,0.07448089867830276
90,0.0010947758564725518,0.028285503387451172,0.5709263030439615,0.11004344373941422,0.6150638461112976,1.2829924821853638,1.55555260181427,1.0,1.0,1.0,1.2829924821853638,0.22556390977443608,0.0006782999807910528,0.022238186427525113,0.060592226684093475,0.014142751693725586,0.06770702451467514
91,0.004652670584619045,0.05059923604130745,1.0179506614804268,0.11269528418779373,0.6069468259811401,1.2171919345855713,1.4947137832641602,1.0,1.0,1.0,1.2171919345855713,0.22556390977443608,0.0026868543631540626,0.0348095212663923,0.06731601804494858,0.025299618020653725,0.05440318211913109
92,0.020073076710104942,0.1087280660867691,2.1937567740678787,0.13541318476200104,0.7048422694206238,1.3232824802398682,1.6303901672363281,1.0,1.0,1.0,1.3232824802398682,0.218796992481203,0.008092264170045382,0.06807150159563337,0.07283399254083633,0.05436403304338455,0.059494275599718094
93,0.009413779713213444,0.08172164857387543,1.6316425055265427,0.11556066572666168,0.632590651512146,1.2319104671478271,1.6395089626312256,1.0,1.0,1.0,1.2319104671478271,0.22330827067669173,0.009039103233720067,0.07445240020751953,0.06436438858509064,0.040860824286937714,0.05882665887475014
94,0.012401376850903034,0.09412676841020584,1.875857450067997,0.13376997411251068,0.7552232146263123,1.372403860092163,1.674965500831604,1.0,1.0,1.0,1.372403860092163,0.20827067669172933,0.00970109438000171,0.08414288929530553,0.06990306824445724,0.04706338420510292,0.06733731925487518
95,0.01607125625014305,0.12103761732578278,2.4071618914604187,0.12670405209064484,0.6336714029312134,1.3312604427337646,1.6980036497116089,0.8571428571428571,1.0,1.0,1.3312604427337646,0.17819548872180455,0.01013145406769971,0.09499999455043248,0.06701832264661789,0.06051880866289139,0.06610772013664246
96,0.020019393414258957,0.13094350695610046,2.5995081290602684,0.12470297515392303,0.6080299019813538,1.2513477802276611,1.5798438787460327,1.0,1.0,1.0,1.2513477802276611,0.2714285714285714,0.029925568445962978,0.1630716323852539,0.07249809801578522,0.06547175347805023,0.05263668671250343
97,0.03906267136335373,0.1841312199831009,3.650936856865883,0.14290867745876312,0.6727349162101746,1.2850760221481323,1.602174997329712,0.8571428571428571,1.0,1.0,1.2850760221481323,0.2413533834586466,0.031384129647839085,0.1710000719342913,0.07840875536203384,0.09206560999155045,0.05009884014725685
98,0.006311473436653614,0.06402512639760971,1.2519893236458302,0.11673478037118912,0.6474459767341614,1.2992218732833862,1.6041780710220337,1.0,1.0,1.0,1.2992218732833862,0.23082706766917296,0.0046454163147830385,0.05057164600917271,0.06807147711515427,0.032012563198804855,0.06185070797801018
99,0.0017383428057655692,0.02861963026225567,0.5559365265071392,0.10997479408979416,0.6348274946212769,1.267696738243103,1.690335988998413,1.0,1.0,1.0,1.267696738243103,0.24060150375939854,0.0037527779027836266,0.046357154846191406,0.0639948844909668,0.014309815131127834,0.06277479976415634
100,0.010793806985020638,0.09082739800214767,1.7863979563117027,0.12134329229593277,0.6435365080833435,1.288222074508667,1.7084968090057373,1.0,1.0,1.0,1.288222074508667,0.2263157894736842,0.0032899025315405845,0.04676198959350586,0.0703202560544014,0.04541369900107384,0.0585019513964653
101,0.0025508743710815907,0.04145036265254021,0.8093488402664661,0.11424911022186279,0.6232582926750183,1.2614632844924927,1.611999750137329,1.0,1.0,1.0,1.2614632844924927,0.24060150375939854,0.003919945310242058,0.054762022835867744,0.05733243748545647,0.020725181326270103,0.06881389766931534
102,0.005231066141277552,0.05450882390141487,1.062099076807499,0.10610093176364899,0.5622263550758362,1.19040048122406,1.5975027084350586,1.0,1.0,1.0,1.19040048122406,0.2030075187969925,0.00587682406080603,0.07035725457327706,0.05012940242886543,0.027254411950707436,0.06891065090894699
103,0.015312421135604382,0.11513076722621918,2.2579247131943703,0.13325254619121552,0.7073075175285339,1.388519525527954,1.6932201385498047,1.0,1.0,1.0,1.388519525527954,0.20827067669172933,0.01244971387872543,0.10100010463169642,0.053626518696546555,0.05756538361310959,0.0852254256606102
104,0.043386783450841904,0.19728592038154602,3.852115198969841,0.14435899257659912,0.5847129225730896,1.233401894569397,1.6646559238433838,0.8571428571428571,1.0,1.0,1.233401894569397,0.2481203007518797,0.04539533636537791,0.20607151303972518,0.03401831164956093,0.09864296019077301,0.08932187408208847
105,0.007825909182429314,0.07050909101963043,1.4035041444003582,0.11291028559207916,0.5848621129989624,1.2381607294082642,1.639489769935608,1.0,1.0,1.0,1.2381607294082642,0.23834586466165417,0.00799539458203721,0.06950017384120397,0.0517461858689785,0.035254545509815216,0.07206988334655762
106,0.030628813430666924,0.15162073075771332,2.9965421184897423,0.14280244708061218,0.6660692095756531,1.391572117805481,1.8243874311447144,1.0,1.0,1.0,1.391572117805481,0.24135338345864665,0.008736413762887554,0.07521411350795201,0.0480903796851635,0.07581036537885666,0.09106683731079102
107,0.004236058332026005,0.053533826023340225,1.0729174129664898,0.10565774887800217,0.5658358931541443,1.23593270778656,1.5976393222808838,1.0,1.0,1.0,1.23593270778656,0.24060150375939848,0.008580560805512505,0.07928575788225446,0.059068430215120316,0.026766913011670113,0.06452483683824539
108,0.01674163155257702,0.11938728392124176,2.3709630593657494,0.1260344684123993,0.6445794105529785,1.2576320171356201,1.6322823762893677,1.0,1.0,1.0,1.2576320171356201,0.25639097744360906,0.007676503203356333,0.07538066591535296,0.042622439563274384,0.05969364196062088,0.0831407681107521
109,0.009543378837406635,0.09017474204301834,1.802738569676876,0.12365228682756424,0.6716412901878357,1.2996618747711182,1.6543529033660889,0.8571428571428571,1.0,1.0,1.2996618747711182,0.1661654135338346,0.007013435961490748,0.07492848805018834,0.054388727992773056,0.04508737102150917,0.07557746022939682
110,0.016545657068490982,0.1103023812174797,2.2255029529333115,0.12106744199991226,0.6088391542434692,1.2545568943023682,1.5859005451202393,1.0,1.0,1.0,1.2545568943023682,0.2413533834586466,0.008431180002941931,0.07499987738473075,0.06667644530534744,0.05515119060873985,0.058779243379831314
111,0.002820337424054742,0.0434199757874012,0.8643439039587975,0.10395888239145279,0.5927492380142212,1.2196460962295532,1.5296372175216675,1.0,1.0,1.0,1.2196460962295532,0.22556390977443608,0.006536252092018913,0.06821434838431222,0.05827239155769348,0.0217099878937006,0.06369221955537796
112,0.004566384945064783,0.05974142998456955,1.1881052516400814,0.11168209463357925,0.6365042328834534,1.2107583284378052,1.5229846239089966,1.0,1.0,1.0,1.2107583284378052,0.2308270676691729,0.011685577113472132,0.09600005831037249,0.06331492215394974,0.029870714992284775,0.05776091292500496
113,0.0046425373293459415,0.06248181313276291,1.2413568794727325,0.12248104810714722,0.690743625164032,1.3414157629013062,1.6840583086013794,1.0,1.0,1.0,1.3414157629013062,0.21353383458646616,0.01492565348426719,0.11728552409580775,0.06455785781145096,0.031240906566381454,0.06958372890949249
114,0.0018823387799784541,0.035080909729003906,0.6946086883544922,0.1220860406756401,0.6830658316612244,1.3608245849609375,1.778637170791626,1.0,1.0,1.0,1.3608245849609375,0.21052631578947367,0.006035692603290954,0.07409531729561943,0.06654582172632217,0.017540454864501953,0.06953663378953934
115,0.0023979726247489452,0.043793950229883194,0.8693501353263855,0.11796333640813828,0.664641261100769,1.311349868774414,1.7013286352157593,1.0,1.0,1.0,1.311349868774414,0.22556390977443608,0.0012043299449422712,0.028642790658133372,0.06660667806863785,0.021896975114941597,0.06452832370996475
116,0.00611180579289794,0.0628020390868187,1.2379839085042477,0.11604148894548416,0.6218103766441345,1.3545105457305908,1.854209303855896,1.0,1.0,1.0,1.3545105457305908,0.22330827067669173,0.0026214552274593317,0.04149995531354632,0.05727071315050125,0.03140101954340935,0.07818035036325455
117,0.0067388382740318775,0.07088007032871246,1.4027331955730915,0.11798734217882156,0.6479812264442444,1.2656277418136597,1.640419602394104,1.0,1.0,1.0,1.2656277418136597,0.1954887218045113,0.002030785679413124,0.03757143020629883,0.05305540934205055,0.03544003516435623,0.07350736111402512
118,0.008763137273490429,0.08426427841186523,1.6662005335092545,0.12814581394195557,0.6944295167922974,1.3758577108383179,1.801364779472351,1.0,1.0,1.0,1.3758577108383179,0.25338345864661654,0.005843813993189022,0.06707136971609932,0.059256117790937424,0.04213213920593262,0.0783296748995781
119,0.01070865336805582,0.09263604134321213,1.8351972103118896,0.1232985407114029,0.6598500609397888,1.355672001838684,1.755137324333191,1.0,1.0,1.0,1.355672001838684,0.24887218045112783,0.007920128294829607,0.08335726601736886,0.05095444247126579,0.046318020671606064,0.08461274951696396
120,0.0024201266933232546,0.042099542915821075,0.839457381516695,0.11550923436880112,0.6647856831550598,1.2556607723236084,1.6052970886230469,1.0,1.0,1.0,1.2556607723236084,0.23834586466165414,0.003269107949401067,0.051214286259242466,0.0502777099609375,0.021049771457910538,0.07528836280107498
121,0.01067268569022417,0.09471484273672104,1.878279261291027,0.11711712926626205,0.6229200959205627,1.2483736276626587,1.579166293144226,1.0,1.0,1.0,1.2483736276626587,0.24586466165413534,0.0020798577603013007,0.040428570338657925,0.048736829310655594,0.04735742136836052,0.07610054314136505
122,0.006331987679004669,0.07322420179843903,1.456794235855341,0.11614657938480377,0.6433632969856262,1.264374852180481,1.6123294830322266,1.0,1.0,1.0,1.264374852180481,0.26090225563909775,0.00123525121853163,0.02950000762939453,0.05310874432325363,0.03661210089921951,0.07332874834537506
123,0.00376484589651227,0.053383760154247284,1.0656310245394707,0.10587678104639053,0.5747538805007935,1.1987336874008179,1.5855445861816406,1.0,1.0,1.0,1.1987336874008179,0.23834586466165417,0.000740287939899125,0.023142882755824497,0.05358769744634628,0.026691880077123642,0.06628568470478058
124,0.0023247168865054846,0.04422800987958908,0.8902378380298615,0.10072872787714005,0.5519694089889526,1.119779348373413,1.4893838167190552,1.0,1.0,1.0,1.119779348373413,0.2157894736842105,0.0009599577255617728,0.02535711015973772,0.06098060682415962,0.02211400493979454,0.05099733546376228
125,0.004809963516891003,0.05202443152666092,1.0396425612270832,0.11646578460931778,0.633794903755188,1.33574378490448,1.7179129123687744,1.0,1.0,1.0,1.33574378490448,0.21804511278195485,0.0021440335339255917,0.03507144110543387,0.06336671859025955,0.02601221576333046,0.07020765542984009
126,0.008321372792124748,0.06282881647348404,1.2496204115450382,0.11018969118595123,0.5909720063209534,1.1634128093719482,1.53369140625,1.0,1.0,1.0,1.1634128093719482,0.2157894736842105,0.008698405549206914,0.06764296122959682,0.0646173283457756,0.03141440823674202,0.05172395333647728
127,0.012348996475338936,0.08348090201616287,1.6515370458364487,0.12187598645687103,0.6741151809692383,1.3280187845230103,1.6830244064331055,1.0,1.0,1.0,1.3280187845230103,0.18796992481203012,0.008945959278142774,0.07307147979736328,0.062333013862371445,0.041740451008081436,0.07046887278556824
128,0.0249294675886631,0.12840501964092255,2.5428280234336853,0.13234366476535797,0.6536102890968323,1.3712270259857178,1.8402674198150635,1.0,1.0,1.0,1.3712270259857178,0.2263157894736842,0.016473729766078447,0.10180950164794922,0.07461266219615936,0.06420250982046127,0.06251003593206406
129,0.047546904534101486,0.18705449998378754,3.7105556577444077,0.14812390506267548,0.6500363945960999,1.3891574144363403,1.8044397830963135,1.0,1.0,1.0,1.3891574144363403,0.2270676691729323,0.027037292792621365,0.1413571493966239,0.07702203094959259,0.09352724999189377,0.061893727630376816
130,0.02962544746696949,0.1602524369955063,3.152470290660858,0.1283392608165741,0.5782924294471741,1.1922105550765991,1.5908281803131104,1.0,1.0,1.0,1.1922105550765991,0.2639097744360902,0.04095791822205034,0.18914290836879186,0.07373670488595963,0.08012621849775314,0.04548436030745506
131,0.02786463499069214,0.16397789120674133,3.2181095331907272,0.13958771526813507,0.6352416276931763,1.3131121397018433,1.6697152853012085,1.0,1.0,1.0,1.3131121397018433,0.2646616541353383,0.03190451367614904,0.17471442903791154,0.08141614496707916,0.08198894560337067,0.04989507049322128
132,0.02242661453783512,0.13452672958374023,2.6160690933465958,0.12742890417575836,0.6405147314071655,1.212909460067749,1.5717029571533203,1.0,1.0,1.0,1.212909460067749,0.24887218045112783,0.012155532380705023,0.0987858772277832,0.07349186390638351,0.06726336479187012,0.04779908433556557
133,0.012195059098303318,0.08876460045576096,1.7095612362027168,0.11821677535772324,0.6152964234352112,1.2600725889205933,1.637095332145691,1.0,1.0,1.0,1.2600725889205933,0.23834586466165414,0.008860147548570499,0.07921430042811803,0.06963057070970535,0.04438230022788048,0.05637669563293457
134,0.024750174954533577,0.11978994309902191,2.299974672496319,0.12226651608943939,0.5939193964004517,1.2008548974990845,1.606526494026184,1.0,1.0,1.0,1.2008548974990845,0.23383458646616537,0.009600052375714898,0.0737856456211635,0.06883395463228226,0.059894971549510956,0.05125153437256813
135,0.020562293007969856,0.11374126374721527,2.1679097786545753,0.122952900826931,0.6185258030891418,1.2764195203781128,1.6651617288589478,1.0,1.0,1.0,1.2764195203781128,0.21127819548872181,0.012836111702167077,0.09145239421299525,0.06891538202762604,0.056870631873607635,0.05872656777501106
136,0.004654876887798309,0.057952675968408585,1.0939945466816425,0.11912500858306885,0.6572410464286804,1.3265628814697266,1.6038105487823486,1.0,1.0,1.0,1.3265628814697266,0.22556390977443608,0.014918288596943188,0.10669054303850446,0.07059789448976517,0.028976337984204292,0.062058400362730026
137,0.016210239380598068,0.12094879150390625,2.2907108068466187,0.1302008330821991,0.6649479866027832,1.3309590816497803,1.6882236003875732,1.0,1.0,1.0,1.3309590816497803,0.1962406015037594,0.01598341450945944,0.11950016021728516,0.07346434891223907,0.060474395751953125,0.05963155999779701
138,0.02538830041885376,0.15380123257637024,2.92217880487442,0.1419840157032013,0.7050083875656128,1.3058825731277466,1.6261118650436401,0.8571428571428571,1.0,1.0,1.3058825731277466,0.23458646616541348,0.032190070074485835,0.17228596551077707,0.07446779310703278,0.07690061628818512,0.056120481342077255
139,0.004573842044919729,0.059299129992723465,1.1150426231324673,0.13029098510742188,0.7261094450950623,1.4306962490081787,1.8224279880523682,1.0,1.0,1.0,1.4306962490081787,0.21052631578947367,0.0032978757319597207,0.05392857960292271,0.06907256692647934,0.029649564996361732,0.07399704307317734
140,0.00705302506685257,0.07269831746816635,1.3631575740873814,0.11962337046861649,0.637751042842865,1.3161762952804565,1.6330530643463135,1.0,1.0,1.0,1.3161762952804565,0.1954887218045113,0.006874227528247242,0.07564285823277064,0.06371305882930756,0.036349158734083176,0.06790458410978317
141,0.002361074322834611,0.041793618351221085,0.7851576432585716,0.12264972180128098,0.6764869689941406,1.3902696371078491,1.7573869228363037,1.0,1.0,1.0,1.3902696371078491,0.24060150375939854,0.006224018532423413,0.060928549085344584,0.0635046437382698,0.020896809175610542,0.07552231848239899
142,0.009239130653440952,0.07773365080356598,1.454837154597044,0.12999401986598969,0.7204426527023315,1.4439456462860107,1.7838459014892578,1.0,1.0,1.0,1.4439456462860107,0.23082706766917296,0.006486575249060219,0.06738104139055524,0.05884552001953125,0.03886682540178299,0.08554904162883759
143,0.01864122971892357,0.12501785159111023,2.3273086175322533,0.13346704840660095,0.6448637247085571,1.3111114501953125,1.7043697834014893,1.0,1.0,1.0,1.3111114501953125,0.2263157894736842,0.00626343437745293,0.0703808239528111,0.04841497540473938,0.06250892579555511,0.08269616216421127
144,0.006854108534753323,0.06931454688310623,1.3018748722970486,0.11846131831407547,0.6584720015525818,1.218529462814331,1.6032085418701172,0.8571428571428571,1.0,1.0,1.218529462814331,0.16541353383458648,0.005761831476385331,0.06992857796805245,0.04700911045074463,0.034657273441553116,0.07484383881092072
145,0.009743975475430489,0.0812099352478981,1.5346720814704895,0.1154995784163475,0.6047939658164978,1.1665335893630981,1.5468885898590088,1.0,1.0,1.0,1.1665335893630981,0.21804511278195485,0.008533021589463325,0.07857152393886022,0.06252221763134003,0.04060496762394905,0.05413114279508591
146,0.005115425679832697,0.05618831142783165,1.0558737441897392,0.11337322741746902,0.5901507139205933,1.2588621377944946,1.6749160289764404,0.8571428571428571,1.0,1.0,1.2588621377944946,0.20300751879699247,0.005364321406204908,0.056143147604806085,0.060884445905685425,0.028094155713915825,0.06500175595283508
147,0.009158319793641567,0.08887828886508942,1.6574861481785774,0.12849056720733643,0.6743455529212952,1.3738058805465698,1.7867904901504517,0.8571428571428571,1.0,1.0,1.3738058805465698,0.21127819548872184,0.011828135968244169,0.10399995531354632,0.05321290343999863,0.04443914443254471,0.08416768163442612
148,0.002574026118963957,0.03957482799887657,0.7403307594358921,0.11845747381448746,0.6704808473587036,1.3217633962631226,1.6586486101150513,1.0,1.0,1.0,1.3217633962631226,0.2330827067669173,0.006048943336411737,0.06178556169782366,0.06994648277759552,0.019787413999438286,0.06222986429929733
149,0.007766419090330601,0.06891965866088867,1.2891815975308418,0.11672419309616089,0.6660728454589844,1.2688192129135132,1.6260942220687866,1.0,1.0,1.0,1.2688192129135132,0.2180451127819549,0.0068008453461061436,0.06726162774222237,0.0655471459031105,0.034459829330444336,0.06133478507399559
150,0.009460602886974812,0.07525764405727386,1.4041143469512463,0.13746407628059387,0.7488344311714172,1.5312467813491821,1.9289945363998413,1.0,1.0,1.0,1.5312467813491821,0.22330827067669173,0.006815272238067597,0.071023804800851,0.07195186614990234,0.03762882202863693,0.08117280900478363
