Date,Open,High,Low,Close,Volume
,GEHC,GEHC,GEHC,GEHC,GEHC
2022-12-15,62.66218585968018,62.66218585968018,59.67827224731445,59.67827224731445,1318200
2022-12-16,59.67827863438145,59.67827863438145,54.705088748182995,56.435760498046875,2307500
2022-12-19,52.71580795693186,58.67369056341781,52.71580795693186,56.19704055786133,117200
2022-12-20,57.68900128276782,57.68900128276782,56.455648551393594,56.903236389160156,22200
2022-12-21,58.68364157864712,65.92460495249875,55.20240860364263,56.654579162597656,290700
2022-12-22,58.11668891840289,60.69180696762821,56.694356512873874,57.2911376953125,3253200
2022-12-23,57.778513584148044,60.320807717855686,56.69435816225798,57.19167709350586,125800
2022-12-27,57.66910172831126,58.67368807532661,57.06734628812033,57.141944885253906,26500
2022-12-28,57.619371677918416,57.688996024753735,56.69435816225798,57.19167709350586,514800
2022-12-29,58.186318134439404,58.46481553699363,57.440339696818384,57.68899917602539,374800
2022-12-30,58.425037294543664,58.68364150288615,57.4204507982776,58.06696701049805,351100
2023-01-03,60.35462795638887,60.35462795638887,55.57041830090643,55.69972229003906,1794100
2023-01-04,53.839751639590254,60.38446717624589,53.213128687979406,60.1656494140625,33338500
2023-01-05,60.31484517052975,62.642298144192665,57.8282502753447,58.68363952636719,8850600
2023-01-06,59.35999255895989,59.61859675387666,57.55969652174716,58.633907318115234,5902600
2023-01-09,58.474766208900654,59.658384007881544,57.42044861204661,57.7884635925293,5288900
2023-01-10,58.832831574841116,59.73795188548902,57.743701892170066,59.67827224731445,6663000
2023-01-11,60.1159157679747,66.0240637696082,59.75287504440718,64.64151763916016,9219400
2023-01-12,65.7356167888244,66.16331139990592,63.31865012295241,65.29798126220703,5819800
2023-01-13,64.65145303585535,65.14877190536194,63.398211154165196,65.08909606933594,3772100
2023-01-17,63.59713953632432,65.3775459023517,62.92078552910132,62.990413665771484,3774600
2023-01-18,62.861121006607235,63.15951164133981,61.65760996311493,61.747127532958984,2610300
2023-01-19,61.00114338463107,64.15414366279079,60.971301667958876,63.597145080566406,2585600
2023-01-20,63.61704185729928,67.4563449203531,63.19929574291152,66.41197204589844,4001600
2023-01-23,66.98885458337728,69.53513252185019,66.41992315575615,69.147216796875,3724100
2023-01-24,68.65985568974848,70.25127487386587,68.34157185292501,69.22679901123047,2591000
2023-01-25,68.09290852254922,69.32625737202306,66.59100319525984,68.34156799316406,2802100
2023-01-26,68.14264678567672,69.07760128075779,67.43645476520109,68.84883880615234,2075900
2023-01-27,68.49075672273284,70.13191054352036,67.99343784300837,69.70421600341797,2810600
2023-01-30,68.04318759155011,73.55347530160692,67.55580951952233,71.11661529541016,4259900
2023-01-31,70.62923258858068,70.73366530845213,68.1326895757027,69.147216796875,3084300
2023-02-01,68.63001142828996,70.36067915692334,67.16789257935582,69.63459777832031,2698700
2023-02-02,69.21684268446275,71.50451272017195,68.63001000946304,70.27116394042969,2776000
2023-02-03,69.25663451451265,70.2512724183812,68.72947763961993,70.17170715332031,3074900
2023-02-06,69.5351372258865,71.96204847171788,69.1671184816466,71.47467803955078,2227400
2023-02-07,71.19618330220386,71.8128539487615,70.71875376725392,71.24591064453125,1932300
2023-02-08,70.82817138344731,71.0370444537552,69.64454972988348,69.79374694824219,1111900
2023-02-09,69.87330463174818,70.59939355617836,67.84424263289142,68.04317474365234,1186000
2023-02-10,67.83431178732737,69.16713071666047,67.8243708705648,68.86873626708984,1968100
2023-02-13,68.15259215074585,69.49535951620847,67.54586995455921,69.0577163696289,2223200
2023-02-14,68.58027905151077,72.77765213523669,68.34554445022987,72.22065734863281,3036000
2023-02-15,72.31018783977773,73.14568780140485,71.33544673778044,71.9322280883789,1773000
2023-02-16,71.2160802251659,71.4349018022207,69.96283420379758,70.52978515625,1829400
2023-02-17,70.58947091335517,73.08601480148201,70.50989803989998,72.77767181396484,2408600
2023-02-21,72.2306181240503,72.70804013982793,71.8625993126702,72.0814208984375,1835500
2023-02-22,71.88247736275032,72.60856636533705,70.46313473182508,71.55425262451172,2010200
2023-02-23,72.05158011771468,75.80136208923142,71.89541666802755,75.49302673339844,3763200
2023-02-24,74.438701494405,75.36371510335992,73.822030814092,74.60779571533203,2102900
2023-02-27,74.59784643184841,76.56723291658277,74.1701518087664,75.63227081298828,2139600
2023-02-28,75.63226231535832,75.93064911446938,74.8962324380363,75.59247589111328,3511800
2023-03-01,74.96586458693027,75.33387576965721,74.60779431993599,74.896240234375,2534300
2023-03-02,74.3889747845175,75.06532890854432,74.1005288622208,74.63763427734375,1391900
2023-03-03,75.12500280433632,76.48765952143313,74.71720519272147,75.96050262451172,2082700
2023-03-06,75.50297665871379,76.74627419883105,75.29409599410644,76.26884460449219,1874100
2023-03-07,75.95055152440717,76.42300301464275,75.52285691894987,75.84114074707031,1709400
2023-03-08,75.84114886658735,76.98498410489535,75.69393982949569,76.21910858154297,1641300
2023-03-09,76.58711429378803,76.98497095067346,75.49301417871655,75.9704360961914,1683800
2023-03-10,75.47311729051778,76.1196334104095,74.10051979002017,74.56800079345703,3388600
2023-03-13,74.54810820406341,77.06454848680747,73.6429916533724,75.83119201660156,2272100
2023-03-14,76.27878013283855,78.33768020546768,75.94059931344619,76.72636413574219,1992300
2023-03-15,75.52286023606956,76.39813890472354,75.18467938531516,76.3484115600586,2326200
2023-03-16,75.55268762040684,77.0346958420139,75.34381458958848,76.20915222167969,1624600
2023-03-17,76.44786152151966,77.1242155255771,75.02552917130255,75.4333267211914,5803300
2023-03-20,75.08521409450597,75.40349792383411,74.11047318715079,74.79676818847656,1714100
2023-03-21,75.24434261446106,76.26881821893781,75.09514544356526,76.10967254638672,1401600
2023-03-22,76.4478691039431,76.63685273202935,74.30939611515248,74.36907196044922,1549800
2023-03-23,75.00565216671266,76.29867696094288,74.46854675797627,75.30403900146484,1393700
2023-03-24,74.85644827173687,76.07984860311501,74.4884295277328,76.05001068115234,1154800
2023-03-27,76.40807917761383,77.04464679323668,75.85605486845039,75.9704360961914,1196600
2023-03-28,75.97043968472087,76.52744206606478,75.74167721843304,76.48765563964844,760800
2023-03-29,76.9451851851874,79.04387166946121,76.64679079284637,78.81510162353516,1786000
2023-03-30,79.35221586153087,81.84776519403276,79.07371844468838,81.6995620727539,2188900
2023-03-31,81.80896283667273,82.14713606185327,81.14255730106318,81.59014129638672,1916200
2023-04-03,81.56029861046349,82.1769767708359,81.03314179701673,81.3713150024414,1913100
2023-04-04,81.56030148780214,81.71944718195815,81.03314465575798,81.15249633789062,1552700
2023-04-05,81.06298774114723,81.36138214245949,80.21754705540891,80.68502807617188,1410600
2023-04-06,80.53584082156372,80.6253545999213,79.66055451680984,79.73018646240234,1356700
2023-04-10,79.50141790834681,80.19766149278686,79.27264782289598,80.15787506103516,1579200
2023-04-11,80.15787506103516,80.25236688788472,79.53125583503912,80.15787506103516,1167000
2023-04-12,80.57064512599791,81.46085034873384,80.17478419641611,81.31165313720703,1232000
2023-04-13,81.21218597499998,82.72602042567645,80.94362949270534,82.49526977539062,1252800
2023-04-14,82.00790237215764,82.83345375662373,81.5404288733318,81.92833709716797,1163600
2023-04-17,81.7294123691048,82.79367485227174,81.56032571021066,82.2764663696289,861000
2023-04-18,82.34606526582577,83.70872179846081,82.34606526582577,83.2114028930664,1522000
2023-04-19,83.34072483116802,86.41415282629455,83.30093839773284,85.29021453857422,2422900
2023-04-20,84.91223871890072,85.85714167141465,84.22593615199987,84.54421997070312,1634900
2023-04-21,84.74314587356648,86.05109713774179,84.63373509770851,86.01628875732422,1850600
2023-04-24,86.13564567421386,87.3590537019009,85.71789955294918,87.31926727294922,2692800
2023-04-25,83.05225508922092,83.05225508922092,78.3575635275051,79.95893096923828,7291400
2023-04-26,79.30248336533727,79.83958115522739,77.14411334802853,79.69039154052734,3489500
2023-04-27,80.38664974729353,81.10279038283963,80.1877251656358,81.08289337158203,1557000
2023-04-28,80.764590419347,81.29175485440079,80.57561438793522,80.90383911132812,1617600
2023-05-01,80.64523427882307,81.29074868367367,80.29213452249434,80.34683990478516,1355800
2023-05-02,79.90920796568116,80.21755088535481,77.47234806306209,78.03929138183594,1879100
2023-05-03,78.04925130908256,79.98879252862754,77.6016596202355,79.28260040283203,1748900
2023-05-04,79.19308619553769,79.82965395591366,77.27343440889214,77.84037780761719,1751400
2023-05-05,78.07907395818775,79.10354976539239,78.07907395818775,78.56644439697266,1077400
2023-05-08,78.4570352454701,79.06376497483804,78.18848634994764,78.994140625,842300
2023-05-09,78.12881364909332,78.36752463122117,75.71184313815367,75.96050262451172,2499700
2023-05-10,76.08980802373053,76.3484160319859,74.56801307741365,75.49302673339844,1792900
2023-05-11,75.30403109478947,75.30403109478947,74.30939323974512,74.587890625,1504800
2023-05-12,74.48844210229718,74.60780139878194,73.87176378652163,74.51828002929688,2577800
2023-05-15,74.69729246548764,75.1548249134883,74.29943585333984,74.52820587158203,1187900
2023-05-16,74.86640195083208,77.85031607158801,74.8166746019111,77.36294555664062,2668900
2023-05-17,77.51213586504858,80.17776587864631,75.79738100796406,79.86943054199219,3716300
2023-05-18,79.98879211599413,80.69498423814665,78.79522946219842,79.26271057128906,1483500
2023-05-19,79.66055985574741,80.65420383993492,78.69576729646029,78.91458129882812,1312900
2023-05-22,78.9543728366601,79.02302905728342,78.31756437544736,78.68572235107422,1357700
2023-05-23,78.56633259131955,79.37528278464838,76.67580379779058,76.80516052246094,1382400
2023-05-24,76.58624618866726,76.75539678515922,75.70068413484928,76.1484375,1431900
2023-05-25,76.14843121804795,79.66082993139797,75.23302002758528,79.46183013916016,3127800
2023-05-26,79.37228644994563,79.80014289763602,77.97927251919236,78.03897094726562,2243100
2023-05-30,77.85985934355693,78.6558737216308,77.02405107879953,77.57130432128906,1775800
2023-05-31,78.14839876406188,79.33246782743309,77.3553679471088,79.11356353759766,4501500
2023-06-01,79.33249166769178,79.70064209181704,78.49667572727162,79.43199157714844,2355500
2023-06-02,79.89964557980875,80.466803386362,79.50163837016385,79.5712890625,2404500
2023-06-05,79.51158923852233,80.32152619066733,78.38721832171413,80.08869171142578,1416700
2023-06-06,77.61109794006349,82.76527115819883,77.41209816137453,82.51651763916016,23800600
2023-06-07,81.08369409219206,81.84985917397644,79.79018036153312,80.0787353515625,3883900
2023-06-08,76.96435846433259,78.00912656851257,76.36735137252562,77.36236572265625,15048600
2023-06-09,77.71059787804697,78.10860502702894,76.67578232723584,76.71558380126953,4894700
2023-06-12,76.86483450393094,77.91954695591643,76.51658110859182,77.87974548339844,5545200
2023-06-13,77.90960468682147,78.05785625668663,76.3175761023653,77.40214538574219,4122300
2023-06-14,77.79020482544769,78.407116317654,77.0936979724368,78.13845825195312,3322600
2023-06-15,78.26781114968938,78.775262864539,77.8349748629171,78.70561218261719,3277900
2023-06-16,79.10364185478969,79.70064895429026,78.09867522262682,78.25788116455078,5390600
2023-06-20,77.96931373264202,78.76532813340424,77.36235446011591,78.50662231445312,3151100
2023-06-21,78.39717406611207,79.60114040375613,77.8996669385886,79.22303771972656,2805700
2023-06-22,79.54143101030992,80.34739001653622,79.18322532057483,79.8100814819336,2229200
2023-06-23,79.46182143085286,79.94937618235267,78.61606101949678,79.4220199584961,7973000
2023-06-26,79.62101887310891,79.89962917661161,77.35238811264023,77.41209411621094,2500700
2023-06-27,77.56134729898,77.95935446361678,75.81211685582323,76.68573760986328,3250400
2023-06-28,77.11361254340028,77.20316019153476,75.95939224728636,76.80516052246094,2920500
2023-06-29,76.88473852920892,78.30760903958307,76.76534169200755,78.28771209716797,1908200
2023-06-30,79.02402026838425,81.00410384999637,78.91855356849337,80.83494567871094,3429500
2023-07-03,81.00410826460302,81.05385441892895,79.50163472301388,80.2876968383789,1086900
2023-07-05,79.96928393136395,80.8846950583326,79.53644764666777,80.24788665771484,2655900
2023-07-06,79.60113465061241,79.86978513986169,78.60612046747976,78.72552490234375,2595900
2023-07-07,78.58622920380502,79.70860364376502,77.90961920671884,79.22303771972656,2892600
2023-07-10,79.73049431277859,80.37725513567597,79.60114518474182,80.25785827636719,2263000
2023-07-11,80.09863790055141,81.03892595486019,79.8100828903197,80.85485076904297,1793100
2023-07-12,80.88470004160956,82.2478721410738,80.88470004160956,81.28270721435547,2124800
2023-07-13,81.32252004589934,81.59117055998537,80.4966563756227,80.9941635131836,1476300
2023-07-14,81.09365935023705,81.75037238269111,80.82500884964153,81.41206359863281,1791900
2023-07-17,81.332455259193,81.94936677087424,80.6757498615309,80.78520202636719,2343200
2023-07-18,80.70360626822003,82.48169144507978,80.34738951578555,82.0588150024414,2842800
2023-07-19,82.36727059229251,82.52647650105143,81.25285959640227,81.3424072265625,2781700
2023-07-20,81.86996270032287,82.76082399861784,81.4220449694068,81.47180938720703,3113900
2023-07-21,81.70074533356907,82.75584509790787,81.64101740382786,82.24819946289062,7717700
2023-07-24,82.09891224239955,82.29798512351266,79.89911665713853,80.25745391845703,4335700
2023-07-25,80.46647231546511,81.96949743416285,78.21692019206677,79.83938598632812,4729500
2023-07-26,79.88916091935296,79.93693567249734,76.93288258473878,77.07223510742188,4148600
2023-07-27,77.6395918125063,78.50557460892152,75.89767789363596,76.5048599243164,3224700
2023-07-28,76.88309901910758,77.95811054181948,76.53471776474959,77.51019287109375,2910100
2023-07-31,77.36089761023266,77.66946283170881,75.91759274786678,77.63960266113281,3916200
2023-08-01,77.48034028543118,77.67444658745403,76.74376154708602,77.33103942871094,2126700
2023-08-02,76.96275260185925,77.4206263198505,75.79816025865476,76.23612213134766,3073000
2023-08-03,76.28588497783996,76.33565699095733,75.33032156030156,75.66874694824219,2053300
2023-08-04,75.6289486002674,76.44017784511968,75.27658031851959,75.54931640625,1449600
2023-08-07,75.74837594031146,75.93750046921814,74.82267273198596,75.24073028564453,1668300
2023-08-08,74.94211843101014,75.1212870327377,72.98121973269812,73.5884017944336,2574900
2023-08-09,73.4590199975791,74.53402423032125,73.08077087655774,73.57846069335938,3028400
2023-08-10,73.90692157531478,74.23539860491033,71.78676615492424,71.96593475341797,3681600
2023-08-11,71.80666270713226,71.80666270713226,70.53257840732424,71.25920104980469,2898300
2023-08-14,71.16962959184866,71.53792271663481,70.52263144036701,71.46824645996094,2601100
2023-08-15,71.41847374472721,71.41847374472721,69.86568427183151,70.21406555175781,2476300
2023-08-16,70.88098124345456,71.94603712429188,70.09463043885223,70.34347534179688,3697400
2023-08-17,70.3733294002439,70.47287342808724,67.92469667933122,68.07400512695312,3791900
2023-08-18,67.8848716989806,68.4323334038684,67.58128067975049,68.04413604736328,2929200
2023-08-21,69.00965861820873,69.178871300955,68.28302828326521,68.65132141113281,2807800
2023-08-22,68.83048828814348,69.07933314269631,68.35270282597942,68.61150360107422,2168400
2023-08-23,68.64136633286574,69.20873231867621,68.49205789572771,68.67122650146484,2079500
2023-08-24,69.31821575308805,69.46752417102742,67.92468317589002,68.11380767822266,2623200
2023-08-25,68.09391789185746,68.57169581774274,67.29761122319104,68.27307891845703,3096600
2023-08-28,68.74090883729374,69.33814263865021,68.44229953075876,68.98975372314453,2438700
2023-08-29,69.0096623405336,70.17425452927623,69.0096623405336,70.15435028076172,2044300
2023-08-30,70.17425828822789,70.6619921414597,69.90550915110028,70.06476593017578,1889200
2023-08-31,70.18420913388063,70.8013395501101,69.53820578692533,70.12448120117188,3573300
2023-09-01,70.34346789934098,70.69184920777539,68.78072237795544,68.9300308227539,2097300
2023-09-05,68.8105830989348,68.84045086344796,67.09853671318837,67.34738159179688,3773500
2023-09-06,67.19807453566649,67.88488125081402,65.75476965339931,66.67052459716797,3140100
2023-09-07,67.77538839164541,67.85502057645076,65.52583612696782,65.59551239013672,2836900
2023-09-08,65.61541187690615,65.68508813501796,64.4209595680917,64.60012817382812,3103100
2023-09-11,65.01819076480412,67.03881000089241,64.89874248700217,66.31218719482422,3630500
2023-09-12,66.0732840593588,66.31218059117236,64.91864786549618,65.09781646728516,2381800
2023-09-13,64.81911223349854,65.63532307515173,63.9133132927843,64.2318344116211,3612800
2023-09-14,64.56030597751537,65.75475817334583,64.27164505145893,65.69503784179688,3945100
2023-09-15,65.69504863437514,66.19273839675677,65.27699105656892,66.12306213378906,6711100
2023-09-18,65.56563805481126,66.680458024672,65.56563805481126,65.97373962402344,3205300
2023-09-19,66.19274039832315,66.44158528703865,65.04805239140317,65.81449890136719,3160400
2023-09-20,66.11309863485265,66.49134767116254,64.60012527203978,64.7096176147461,1796400
2023-09-21,64.32142174038623,64.59017084606592,63.49525498781076,63.594791412353516,2172500
2023-09-22,63.53507090460714,64.50556433102327,63.44150347625022,64.03276062011719,2277800
2023-09-25,63.70428431566182,66.73023873195285,63.70428431566182,66.1728286743164,3214500
2023-09-26,65.88416374693983,67.0935460512898,65.814487493942,65.90406799316406,3619900
2023-09-27,66.06334466016406,68.0949147229129,65.84435994014737,67.96451568603516,5470000
2023-09-28,68.42238497106312,70.25388720717571,67.69576218594321,69.45758056640625,4817700
2023-09-29,69.75618351924612,69.87562417559947,67.61611649459874,67.7256088256836,3146200
2023-10-02,67.6857993838004,68.34275343477259,67.25778593687245,67.52653503417969,1942100
2023-10-03,67.03881016487432,67.21797878494392,66.0932026442611,66.67052459716797,2726100
2023-10-04,66.82978174004053,67.75548501644913,66.16287927051584,67.56636047363281,2084400
2023-10-05,68.02422974792722,68.36266271873774,66.31914725708907,67.28765106201172,1894300
2023-10-06,66.70037958191112,68.67122665529172,66.34204236963417,68.1436767578125,2319800
2023-10-09,67.50663673129417,67.76543752514333,66.8695944650061,67.48673248291016,1600300
2023-10-10,67.68579158182102,68.31287779934998,67.29759426704483,67.87491607666016,2209000
2023-10-11,67.99436198209153,67.99436198209153,66.73023353016723,67.46681213378906,2032900
2023-10-12,67.40709836188041,67.59622288973044,65.86425715857708,66.20269012451172,2252100
2023-10-13,65.82444430496126,67.32746949239294,65.75476804298194,66.80987548828125,1984200
2023-10-16,67.31750314529461,67.37723107070023,66.02351453834717,66.57096862792969,1951500
2023-10-17,66.06333481241003,67.09853032008589,65.76471794887462,66.49134826660156,1596000
2023-10-18,65.9936675761328,66.17283619991248,64.78925163097058,64.9286117553711,1917700
2023-10-19,64.95847343538217,66.3924740475132,64.57008988054028,65.17755126953125,1669200
2023-10-20,65.25722908082739,65.25722908082739,63.59418230674661,63.78339385986328,2575000
2023-10-23,63.683802219649856,64.27134643511052,63.09625800418918,63.723636627197266,2412500
2023-10-24,63.75350678501138,64.7891785891534,63.69375897246123,64.40080261230469,2511200
2023-10-25,63.932770773826576,64.719483388225,63.71368908539054,64.24148559570312,3179600
2023-10-26,63.85309541128244,64.47050972314338,63.31534231545642,63.64396667480469,3484900
2023-10-27,63.932764860611435,64.05226809650787,62.45892960607479,62.837345123291016,2606400
2023-10-30,63.275509848023916,63.404965975980225,62.090460900661164,62.907047271728516,4484200
2023-10-31,66.41240331701917,67.41819369159435,65.49622707025678,66.29290008544922,7555100
2023-11-01,66.47215083787022,68.16507149056646,65.72527273856831,67.99578094482422,4523300
2023-11-02,69.31028015000682,69.46961777772174,67.99577511190387,68.96173858642578,3115900
2023-11-03,69.64888221929678,71.60072294876674,69.34016740557261,71.2720947265625,4022800
2023-11-06,71.37165481880953,71.66044853680805,70.46544686021143,70.7940673828125,2350100
2023-11-07,70.95341428909039,71.16253923001555,70.38578727868313,70.40570068359375,1912900
2023-11-08,70.86378965144425,70.86378965144425,69.23559345275305,69.69865417480469,2062100
2023-11-09,69.8380816121604,69.84804211456617,67.76674537235635,68.0256576538086,1981500
2023-11-10,68.26465027556607,69.28040098339035,68.1053126599505,69.23060607910156,2773300
2023-11-13,69.28039608023465,70.25631991272203,69.06131067308635,69.71856689453125,1993200
2023-11-14,70.70446138386293,72.06876147247556,70.3857936927989,71.909423828125,2634400
2023-11-15,71.70030303162838,72.32767794800563,71.17748680249527,71.22229766845703,2780100
2023-11-16,71.70028953934877,72.35754584032478,71.20237086199218,71.62062072753906,2946600
2023-11-17,72.22807648004198,73.0735413556574,71.72518139034159,72.69612121582031,2920000
2023-11-20,72.78575094216377,73.18408741634435,72.46708328234656,73.0247573852539,1787600
2023-11-21,73.19405003897354,73.38326157916153,72.28783434400643,73.07454681396484,1469300
2023-11-22,73.443009639678,73.87122003368599,72.88534311636955,73.29363250732422,1123300
2023-11-24,73.51271807807082,73.53263148352092,73.08550297373715,73.4031753540039,558900
2023-11-27,70.96338293579687,71.21731876514588,70.25633921694913,70.84387969970703,4253600
2023-11-28,70.40570705849908,70.49035993053414,67.82151517031403,67.84640502929688,5167900
2023-11-29,68.01569435223765,68.55643330636471,67.17918702367663,67.42814636230469,3762900
2023-11-30,67.42814790694779,68.39411137857466,66.11364287278447,68.1750259399414,3324600
2023-12-01,68.0654856669157,69.37999074832267,67.87428354641351,69.12107849121094,1898700
2023-12-04,68.6032401118399,69.47459786521041,68.48373688479988,69.08124542236328,1478700
2023-12-05,68.62315600979314,68.76257263214927,67.43810712212985,67.64723205566406,1896200
2023-12-06,68.1053199646459,68.39411372569715,67.58250380408131,67.76673889160156,1579700
2023-12-07,67.81651003460757,68.00572152892389,66.72109066265803,67.10946655273438,2089200
2023-12-08,66.90035332932462,68.34431444458485,66.77089720925916,68.23477172851562,1893700
2023-12-11,68.87212229859621,71.01316675694162,68.80240638274768,70.83391571044922,3051300
2023-12-12,71.003205912747,72.09364142619829,70.94345050550709,71.75008392333984,2407200
2023-12-13,72.30775146580922,73.9608375360311,72.2181221524545,73.8712158203125,2628600
2023-12-14,74.03056341854823,75.98241179734305,74.03056341854823,75.60398864746094,4271300
2023-12-15,76.06205383872714,76.27117876990836,74.17494540887348,74.69776153564453,5699300
2023-12-18,74.68781077637274,75.2006664692262,74.23968695076931,74.74755859375,1945800
2023-12-19,74.8272253287025,75.52430850412155,74.68780869361868,75.37493896484375,2441800
2023-12-20,75.04630774635118,76.27118350468436,74.56830244709468,75.1259765625,2162200
2023-12-21,75.76332542045083,77.2869557124975,75.76332542045083,76.86870574951172,2992100
2023-12-22,76.97824677568421,77.38653622636176,76.66953196429247,77.257080078125,2197800
2023-12-26,77.37657210286606,77.99897055156234,77.25707646320426,77.81474304199219,1413900
2023-12-27,77.75498428869277,77.96410922633227,77.05789356559153,77.34668731689453,1365000
2023-12-28,77.50603316180519,77.6404657517748,76.92844559796043,77.21723937988281,1569500
2023-12-29,76.83880841320399,77.31680605443067,76.54005418921066,76.99813842773438,1786900
2024-01-02,76.26123371735778,77.08778062399716,75.38987594891714,76.05210876464844,2003100
2024-01-03,75.92263085277715,76.36080168002323,75.1209815516394,75.79317474365234,2692400
2024-01-04,75.68365463244342,76.62969727629391,75.53427747877292,76.25128173828125,2395900
2024-01-05,75.68364162080516,77.12760279688442,75.27534464414327,76.30106353759766,2377700
2024-01-08,76.67946947305303,77.12759320364658,75.99233932834989,77.03797149658203,1880600
2024-01-09,76.68945349567329,77.33674943656712,74.09031682668382,76.34091186523438,3507200
2024-01-10,76.02223397837999,76.29111436822616,74.56831208510751,75.85294342041016,3020600
2024-01-11,75.88280701953917,76.00728669483215,74.46871973164379,75.93260192871094,2305500
2024-01-12,75.9923983722706,76.18168444267057,75.1157189947351,75.8828125,1888300
2024-01-16,75.61381823433048,75.61381823433048,74.25894554813377,74.68732452392578,2831600
2024-01-17,73.96006472105131,73.96006472105131,71.74843435078505,72.4756851196289,3766900
2024-01-18,72.47568929434635,73.48188312269089,72.14693176618023,73.24278259277344,2421500
2024-01-19,73.16807289863019,73.84053082909558,72.92399394299309,73.83056640625,3704600
2024-01-22,73.99992307053995,75.16550971455531,73.89033722189293,74.35856628417969,2414900
2024-01-23,74.34860660334606,74.44823563619956,72.4109404841437,73.39222717285156,2850400
2024-01-24,73.36232807712854,73.42209940539935,71.04111188800711,71.28021240234375,3594400
2024-01-25,72.05726538124463,72.82435857974475,71.15069309148193,72.59523010253906,2126500
2024-01-26,72.72474010778357,73.0136475216568,72.19673978611497,72.87417602539062,2334500
2024-01-29,72.6350973422548,74.13939843238487,72.22663959417937,74.09954833984375,2160100
2024-01-30,73.45199157995552,74.23900605926237,72.84429108279967,73.7209701538086,1673900
2024-01-31,73.6512474240223,74.18921226744892,72.67493916729374,73.0833969116211,3129600
2024-02-01,73.08339136758593,74.84671410897481,72.71478374339624,74.06965637207031,2593600
2024-02-02,73.75086744167535,74.07962499535547,72.24655879353143,73.6313247680664,2446600
2024-02-05,72.94390797723372,73.29258669975255,72.33620751771831,73.13319396972656,3365700
2024-02-06,76.46060843305025,82.79662818942877,76.27132240994032,81.65096282958984,12511200
2024-02-07,81.73066111994014,82.19689879105347,79.86770940042928,81.52145385742188,4278100
2024-02-08,81.22258706304432,81.83028764472728,80.13271026501964,81.7505874633789,2483800
2024-02-09,81.97972487411558,82.43798952313561,80.3060590426117,81.0333023071289,2755000
2024-02-12,81.31224848621176,82.9958710477224,81.08311237395611,82.85639953613281,2304300
2024-02-13,82.03949914057571,82.40511975099012,80.8539911847012,81.99964904785156,2529800
2024-02-14,82.28854906733885,83.12538573750368,82.02952728840361,82.85639953613281,2214800
2024-02-15,83.62351370723133,85.41672239792705,83.60857087152266,85.30713653564453,2346100
2024-02-16,83.19511791413139,86.96086376629731,83.17518907011748,85.69564819335938,13131800
2024-02-20,85.60599775088473,86.48267693893712,85.25731896021772,86.06426239013672,6372600
2024-02-21,82.68705379423206,84.88872021812355,81.7505955720722,84.65959167480469,5838000
2024-02-22,85.12780252074545,87.76781205417275,84.68448072442364,87.3095474243164,4154900
2024-02-23,87.07045244758042,89.39166881018599,86.90607368192356,88.7341537475586,3815600
2024-02-26,88.60463946726063,90.36796204554007,88.45520354691877,90.27830505371094,3805100
2024-02-27,89.67061220681069,92.23092151174117,89.15157296997467,92.171142578125,3993400
2024-02-28,91.90217236805769,93.60472823712468,91.65311499036648,92.66926574707031,3431900
2024-02-29,92.95815826936273,92.98804393377951,88.534905121264,90.9358139038086,6144000
2024-03-01,90.70670554389739,92.70912151056987,90.23349041683525,92.37040710449219,2696200
2024-03-04,92.58956309740357,93.14744913058391,92.07650556318367,92.38035583496094,2615200
2024-03-05,92.3703938394953,93.14745157773324,91.17491396475226,91.46382141113281,2804900
2024-03-06,91.2147681020772,93.72527063001435,91.10518225201332,92.74896240234375,2521200
2024-03-07,92.84858037572178,93.19726675875151,91.6431436704867,92.31062316894531,3014400
2024-03-08,92.45008714077017,94.14367400322293,92.14125087243919,93.51605224609375,2853900
2024-03-11,93.45628887727877,93.70534625738078,91.7826229789681,92.64934539794922,2123200
2024-03-12,91.84238536332884,92.15121402678564,91.35422751387088,91.4737777709961,3042200
2024-03-13,87.22984832122343,89.02804278479547,86.22366204788997,88.1463851928711,14434500
2024-03-14,87.76781212675611,88.70427023237424,87.42909776552335,87.9969482421875,4859000
2024-03-15,87.91723867212872,89.39166142982937,87.59844558946732,89.07286834716797,7314600
2024-03-18,89.56102671506193,90.61702747203395,89.15655933236582,90.26834869384766,2843900
2024-03-19,90.25837677884407,90.65687003538869,90.01928386516796,90.43769836425781,2996500
2024-03-20,90.13883689722672,90.76645866518272,89.81007938040968,90.54728698730469,2016900
2024-03-21,90.90593939182011,91.83243310553719,90.77643229658376,90.85612487792969,2754900
2024-03-22,91.11514288708418,91.55348626911687,89.03302702368354,89.39167022705078,6178000
2024-03-25,89.47135026690103,89.7602576736064,87.91723500384927,87.9471206665039,2436000
2024-03-26,88.14638204062857,89.0061269926457,87.36931671189784,88.7341537475586,2845200
2024-03-27,89.6207884223503,90.34803916785019,89.37670950352212,89.96946716308594,2629100
2024-03-28,89.85989299991633,90.80631553410832,89.31197136492594,90.56722259521484,2108000
2024-04-01,90.96571593584993,91.11515188544885,88.85371419702919,89.19242858886719,1958200
2024-04-02,88.51497860673504,88.9035074556289,87.52871365189887,87.77777099609375,3010700
2024-04-03,87.91725523894239,89.7104714172117,87.77778371403568,88.6943130493164,4403900
2024-04-04,89.81008660661062,90.4974797599773,87.5386846724372,87.62834167480469,2728200
2024-04-05,87.62834205278999,89.16253632736975,87.51875620456089,88.13642120361328,1592500
2024-04-08,88.39543062038346,88.50999486363543,87.28961547072983,87.3792724609375,1692400
2024-04-09,87.79769811587232,87.90728396270309,86.12403234683502,86.61219024658203,4172700
2024-04-10,85.05806688845509,86.37308944580946,84.91859537484382,85.06803131103516,2926100
2024-04-11,86.15392300132774,88.58471760120841,85.28720067558257,87.87739562988281,3071000
2024-04-12,86.74169592669318,87.19996055115321,85.73052366608391,85.95467376708984,2227900
2024-04-15,87.26970303282404,87.57853934750005,85.1975438402928,85.80524444580078,1983600
2024-04-16,85.5063759489534,86.11407652456892,85.02818246626525,85.55618286132812,1868200
2024-04-17,85.74546885670749,85.92479046256751,84.83890400531283,84.86878967285156,1711600
2024-04-18,85.04816560283177,85.83048484725228,84.33063411918671,84.67943572998047,1815300
2024-04-19,84.70933848208365,85.31725316651364,83.81241455396521,84.20108032226562,2022700
2024-04-22,84.51998056436881,84.7890615279065,83.89213765495586,84.02169036865234,2113700
2024-04-23,84.69935823337902,86.35368519395963,84.50004521313515,85.94508361816406,1951300
2024-04-24,85.81553962691595,86.98153688064812,85.50660213318481,86.42345428466797,2020300
2024-04-25,85.7059142145345,86.37860902440083,84.45022078432638,85.65608215332031,1362900
2024-04-26,85.06809568446496,86.60283027091664,84.86878266422109,85.94508361816406,1790600
2024-04-29,86.00488517601501,88.8750337777352,86.00488517601501,88.63585662841797,4353000
2024-04-30,80.76286695897804,82.01856024311905,75.8198296730645,75.97927856445312,14433600
2024-05-01,76.2583304576077,78.85940596427766,76.2384021946451,77.99238586425781,5303300
2024-05-02,78.91920028600497,79.09858505299269,76.92603958761003,77.56385040283203,2995700
2024-05-03,78.23155802467903,79.78622094854508,78.23155802467903,79.1982421875,2722700
2024-05-06,79.32779423643981,79.72642789658366,78.38104594648973,79.52711486816406,2389700
2024-05-07,79.72642488522413,81.40068011194602,79.39755155777954,81.15153503417969,3225500
2024-05-08,80.73298507636822,81.29604786520336,79.97558179894179,80.8326416015625,2748400
2024-05-09,81.22130808744376,82.47700160520587,80.88247437813803,82.44710540771484,1952700
2024-05-10,82.88559029076741,83.19353174966751,82.4271642177948,83.11480712890625,1856300
2024-05-13,83.60311938950608,83.71274382897502,80.30444108358832,80.75289916992188,1885300
2024-05-14,80.72299839007641,81.4106411797898,80.02539527247131,80.24463653564453,2500700
2024-05-15,80.91235145842096,81.9587561399001,79.86593917363804,81.62989044189453,1956200
2024-05-16,81.22129697083659,81.68470317513311,80.6233502929392,81.03194427490234,1627100
2024-05-17,80.72300321150348,81.59999112648833,80.14498482050465,81.58006286621094,1321000
2024-05-20,81.68969261941902,82.38729582406546,81.19140244372736,81.47044372558594,1248500
2024-05-21,81.47044496575431,81.71959005739271,80.82266620683353,81.65979766845703,1150200
2024-05-22,81.29106291375552,81.60996833758365,80.0951694752263,80.34431457519531,1633600
2024-05-23,80.70309038710175,80.70309038710175,78.95907455204517,79.05873107910156,2034900
2024-05-24,79.56696688260557,79.98553638385627,78.64015450999734,79.57693481445312,1433900
2024-05-28,79.09858014720625,79.44738172713136,78.23155255998884,78.48069763183594,1854800
2024-05-29,77.80303434917234,78.65012619927224,77.64358543310081,78.18173217773438,2397000
2024-05-30,77.73327997838872,78.66010015918636,76.67690706815056,78.30133056640625,2750100
2024-05-31,78.46077575220335,78.46077575220335,76.64699978578705,77.73326873779297,7002100
2024-06-03,77.79306124593235,78.53053619408139,75.98925320936434,76.88617706298828,3059500
2024-06-04,76.78651932105494,77.55388284822118,75.98925199649119,77.2549057006836,1967200
2024-06-05,77.1951132970436,77.51401870614431,76.35798944939349,76.69682312011719,2637500
2024-06-06,76.38789270052614,76.88618292348677,75.50093671192064,76.7366943359375,2474900
2024-06-07,76.45763908231285,76.76657653114286,75.65041150140657,76.07893371582031,2357000
2024-06-10,75.71020381833546,75.75006794126337,74.96276862087126,75.5208511352539,2115500
2024-06-11,75.29164839981921,75.29164839981921,74.255203924579,74.48441314697266,2655600
2024-06-12,74.94284155684184,75.96932573532153,74.75349645483317,75.71021270751953,3081600
2024-06-13,74.91294669695829,77.06556400634229,74.88305050154547,76.72672271728516,2530200
2024-06-14,75.93943007739256,76.34803172669942,74.85316099601606,76.22843933105469,2576800
2024-06-17,75.99921579859594,77.59374275776032,75.70023866730699,77.28480529785156,2190500
2024-06-18,77.04562598119901,78.45080795265962,76.90610533764608,78.0023422241211,2032500
2024-06-20,77.73327199597401,79.82608933674305,77.58378341378227,79.16835021972656,3408100
2024-06-21,79.55701582309909,79.8260891878984,78.22159412219604,78.8992691040039,5115500
2024-06-24,79.0587069825055,79.36764440320982,78.39100009110433,78.5803451538086,2270100
2024-06-25,78.70992126822968,79.00889081838696,78.10200663194689,78.54049682617188,1798500
2024-06-26,78.59032846290994,79.01885832546843,77.6983847753115,77.73326873779297,2426200
2024-06-27,77.74323318623331,78.82950208955661,77.62364081019129,78.55046081542969,2192600
2024-06-28,78.93912341481759,79.37562910731731,76.96589870955867,77.65353393554688,9422500
2024-07-01,78.08207898195448,78.08207898195448,75.95936529960947,75.99922943115234,3081400
2024-07-02,75.99922466035709,76.44768280627792,75.42120619422855,76.06898498535156,2171300
2024-07-03,76.10884814030663,77.08549267772952,76.04904814585875,76.97586822509766,1346700
2024-07-05,76.9359912670272,76.98582332020646,76.28822019551964,76.79647064208984,1689500
2024-07-08,76.73669175256939,77.37450260822244,76.04904883497574,76.08891296386719,1662000
2024-07-09,76.08891351138946,76.73669230475296,75.48099884720428,76.60713958740234,2152500
2024-07-10,76.66692781177267,78.9490977608584,76.66692781177267,78.86936950683594,2475300
2024-07-11,78.91919836227834,80.44396504285416,78.91919836227834,79.66663360595703,2540600
2024-07-12,80.01544583877319,81.04690265848565,79.66664419933674,80.00547790527344,2579000
2024-07-15,79.97557913562835,80.35427696007757,79.57694544482086,79.91578674316406,2483200
2024-07-16,80.17488560127553,82.67630439263613,79.91578018631894,82.3573989868164,3524300
2024-07-17,82.30756542478801,83.33404954672064,81.67972255697876,82.18798065185547,2567800
2024-07-18,81.66974804521706,83.21943063049098,80.61337541846062,80.70307159423828,3233900
2024-07-19,80.98223233626794,81.13675833205919,79.66625895756029,80.19464111328125,2428200
2024-07-22,80.83268715714904,81.13176751700146,79.85567306026938,80.98223114013672,2439400
2024-07-23,80.63328561486722,80.96228082753382,80.25444748296532,80.57347106933594,1529000
2024-07-24,80.75292394693487,81.24142715961564,79.38710014938141,79.4469223022461,2517000
2024-07-25,80.1647269421863,80.81273814542807,79.48680085957992,79.67621612548828,2512400
2024-07-26,80.49371372661278,81.43882766686328,79.75597310510481,80.25444793701172,2532900
2024-07-29,80.43389702316833,82.20746975817967,80.27438143029829,81.79972076416016,2790400
2024-07-30,82.28822311614621,83.82352645428979,80.75291977800262,82.39788818359375,5269100
2024-07-31,79.85566098529011,87.9808017003733,79.75596754708062,84.37184143066406,8043400
2024-08-01,83.8434610528912,84.7407172271085,81.96919851595435,83.14559936523438,3561600
2024-08-02,82.54743106609916,83.27520002475379,80.54854222248767,83.18547821044922,2986200
2024-08-05,81.71996369143788,82.11874507102249,79.49676263438616,81.27133178710938,3589100
2024-08-06,81.85953601065661,82.67703441582321,80.92240090981119,81.3012466430664,2686700
2024-08-07,81.97917589968135,82.40786456824323,78.53969492462751,79.09798431396484,2401200
2024-08-08,79.6762127937,82.14865122867624,79.4369470116449,82.06889343261719,1632600
2024-08-09,82.06889195617362,83.21538553400006,81.06696033186876,83.14559936523438,1584300
2024-08-12,82.94620631009374,82.94620631009374,81.46075348866263,82.11874389648438,1564400
2024-08-13,82.93623980448724,84.23226972310391,82.26827779065452,83.91324615478516,1766200
2024-08-14,83.93319807075363,83.97307697167545,82.49758806205887,83.21539306640625,1904600
2024-08-15,83.71385026874314,85.67784198985464,83.71385026874314,85.039794921875,2319400
2024-08-16,84.67092913891068,84.89025926609418,83.90328129989022,84.54132843017578,1341700
2024-08-19,84.44163386075303,85.34886170982533,83.89331610687319,85.32891845703125,1439000
2024-08-20,84.90023206740563,85.43857816106502,83.58425128608128,83.68395233154297,1464200
2024-08-21,84.38181327818178,84.38181327818178,83.28517024275044,84.22230529785156,984300
2024-08-22,84.52140109408381,84.52140109408381,83.69393095157977,84.11265563964844,944800
2024-08-23,84.74072296928337,85.30898398377366,83.69392276074323,84.52139282226562,1511800
2024-08-26,84.38182853370304,85.1594481429392,83.91326092143942,84.23228454589844,1475100
2024-08-27,84.27215595016786,84.44163557173992,83.77368110592825,84.15252685546875,1208100
2024-08-28,84.16249923785512,84.16249923785512,83.07582762038604,83.67399597167969,1131300
2024-08-29,83.99301172701796,84.74072399758488,83.424750705632,83.82353210449219,1264700
2024-08-30,84.19239754717856,84.62108621440201,83.33502021273162,84.56127166748047,1838600
2024-09-03,84.30205505172738,85.30598706334303,84.07276090503319,84.54132843017578,1963900
2024-09-04,83.95312064586832,87.45241569412758,83.95312064586832,87.2829360961914,2008000
2024-09-05,87.13340011534964,88.23004319885676,86.41559515709126,87.02373504638672,2321000
2024-09-06,86.96393146289266,87.48234199468551,84.75070176467989,84.83045196533203,2696500
2024-09-09,85.09962498451209,86.19626810730851,84.461577800117,84.86035919189453,1659600
2024-09-10,84.95008799757727,85.46850613135615,84.5812138487778,85.28905487060547,1558900
2024-09-11,84.99993609463336,87.14337953498266,82.88639992919916,86.9240493774414,2630300
2024-09-12,86.75456173288818,87.20319367286397,85.77755526170338,87.19322204589844,1393200
2024-09-13,86.3458095244258,86.88416324647355,85.44855332101291,86.6448974609375,10515100
2024-09-16,86.88417128916734,86.98386474185894,85.59312320242243,86.37572479248047,4680200
2024-09-17,86.37571695676027,87.92099195472782,86.08660064589631,86.52526092529297,3144200
2024-09-18,87.1533415764012,89.41642167113355,86.72964251452234,88.25995635986328,3508400
2024-09-19,89.39646785038255,90.51305412864386,88.49921169875488,90.34357452392578,3128100
2024-09-20,90.07439432165135,90.85201378820749,89.32170011617649,90.00460815429688,9492300
2024-09-23,90.22394506701451,91.3345454164842,90.05446544871158,90.602783203125,2908800
2024-09-24,90.72242556334528,92.05833455256986,89.526088928036,91.9287338256836,3537800
2024-09-25,92.50695770473715,93.24469830620177,91.86891054572092,92.72628784179688,4044700
2024-09-26,90.74236079724606,92.43717989667779,89.10736385359282,92.20787811279297,5273200
2024-09-27,92.39729405617784,94.26159264371412,91.6097029183242,91.70939636230469,12623800
2024-09-30,92.22782689865603,94.03230357864952,92.10819018604595,93.56373596191406,3977300
2024-10-01,93.53382432204624,93.53382432204624,90.87197034116105,91.390380859375,2615400
2024-10-02,91.35049523649509,92.19790853822691,90.69251241154882,90.76229858398438,1763400
2024-10-03,90.23391044761337,90.56289803504062,89.24692486696611,89.60582733154297,2592900
2024-10-04,90.36351665095019,91.190986694925,89.64571167815866,91.1411361694336,1988600
2024-10-07,90.72242108498364,91.02150903210838,89.44133709235031,89.78528594970703,2623400
2024-10-08,89.96473630883837,90.73936663024615,89.58589817152547,90.41336822509766,2075400
2024-10-09,90.52303316540433,90.74235570387222,89.72048837603852,90.49311828613281,2122900
2024-10-10,90.02455908354305,90.58284846999376,89.52109462757649,89.9747085571289,2269300
2024-10-11,90.40339610312456,91.33055959763145,90.11427978697485,90.75232696533203,1372100
2024-10-14,90.77226939474656,91.5199816381757,90.29373021225811,91.34053039550781,1342800
2024-10-15,91.6097047501948,91.67450891283296,90.3336103870338,90.43330383300781,2474300
2024-10-16,90.76229976377597,90.84205756363114,89.69057429429331,89.9448013305664,1823100
2024-10-17,90.46321095090875,90.64266219580288,89.98467936860597,90.54296875,1711100
2024-10-18,89.81496031033508,91.33082892129966,89.7401674154609,91.09147644042969,1609500
2024-10-21,90.64270232512555,91.20117622046361,89.27642713558933,89.55567169189453,1675400
2024-10-22,89.01712669858945,89.31630583686407,87.45638261079925,89.06698608398438,2210200
2024-10-23,88.40879246991072,90.1141387934384,87.87026085059111,89.04705047607422,2116600
2024-10-24,89.31630412134108,89.7351670806964,88.35891720170798,88.6581039428711,1291700
2024-10-25,89.01713891229765,89.40607717146396,88.05975184291628,88.1794204711914,2035500
2024-10-28,86.42420694154782,86.72836975038116,84.66899366654938,85.6961898803711,4223700
2024-10-29,85.42693261001567,86.46409619361513,84.77869966378914,85.0379867553711,3762300
2024-10-30,89.48585280391644,89.91468310119767,85.56654581994839,86.96273040771484,4700400
2024-10-31,85.8856785475692,87.90516263149358,85.76600231685543,87.1123275756836,3259500
2024-11-01,86.97270410446444,88.19936067060503,86.48403950562448,86.71340942382812,3383300
2024-11-04,87.36165973051601,87.68078878234313,86.3145210957568,86.7533187866211,1431700
2024-11-05,86.57379174360273,87.95004169971088,86.57379174360273,87.93009185791016,1656200
2024-11-06,89.67533232523601,89.75511647706593,84.84351400417229,86.54387664794922,4163100
2024-11-07,86.87297898156463,88.63815955891702,86.69944883493483,88.08966064453125,2497300
2024-11-08,88.55839587434517,88.86754999113077,85.60644275104872,85.7061767578125,10190500
2024-11-11,86.76328139197898,86.91287477817505,84.24016649531808,85.15766143798828,4367000
2024-11-12,85.18757384661608,85.6762460548688,84.48948156144829,84.68893432617188,3918900
2024-11-13,84.88841079226229,85.17263141630632,83.0284795501913,83.95096588134766,3014800
2024-11-14,83.42239880966687,84.45956999382638,82.47497909297863,82.69438171386719,3061100
2024-11-15,82.58467505022777,82.5946499710677,81.29818417274717,81.53753662109375,3768400
2024-11-18,81.67716546774744,83.25785203767131,81.66220688890245,82.49493408203125,2918000
2024-11-19,81.77688938699588,83.00354607560065,81.48767752368848,82.29547119140625,2513600
2024-11-20,82.27552731112014,85.05793696595069,82.18577584256231,84.66899871826172,6103400
2024-11-21,84.36981798912805,85.02802590696105,81.61732529310748,81.77689361572266,4930600
2024-11-22,81.73699330180243,82.35530907669946,80.34080105410197,82.21569061279297,5934900
2024-11-25,83.13317370197908,83.27279214598818,81.67714735114525,82.4350814819336,5272900
2024-11-26,82.55475392399893,83.20298679196772,82.16581572494462,82.28549194335938,2040900
2024-11-27,82.62457652679498,83.67670634038836,82.49293951299714,82.774169921875,1808000
2024-11-29,83.02348557620905,83.2827802741924,82.6644644893508,82.99356842041016,1277700
2024-12-02,82.66446503433173,83.02348612355688,82.16582547803408,82.85395050048828,2247000
2024-12-03,82.25558544510253,82.83400155410611,81.8107921996014,82.3453369140625,2026700
2024-12-04,82.39519570047078,82.98358667247508,82.27551947848434,82.78413391113281,1932700
2024-12-05,82.53481918583937,83.10326795981184,81.13862694543668,81.34307098388672,2269200
2024-12-06,81.1485949260787,81.74696080403443,80.25104230482765,81.0189437866211,3177200
2024-12-09,81.13863052782209,81.8965647961278,80.83944374572785,81.67716217041016,2372600
2024-12-10,82.19573671246681,82.77416038217375,81.42284393415922,82.13590240478516,3124600
2024-12-11,81.82675658257149,83.10327266598279,81.55748695359928,82.52484893798828,3890100
2024-12-12,82.10598256126642,82.39519438664571,80.6200313610106,81.40788269042969,2370000
2024-12-13,81.17852792719395,81.2682794025238,80.40065137312291,80.87934112548828,2836000
2024-12-16,80.54025555858536,81.5574768083185,79.8720728345062,80.071533203125,2908800
2024-12-17,80.12139327892275,80.61006547977166,78.99447071890138,79.03436279296875,3557100
2024-12-18,79.15404411044035,80.15132320041555,76.77054769409048,76.88024139404297,3264100
2024-12-19,77.09965358921129,77.96728924438382,76.74063246352863,77.21932983398438,3384400
2024-12-20,77.3589317941431,78.81495822239599,76.6817785003765,78.6952896118164,11179900
2024-12-23,78.56564573180353,79.13409451048723,77.31904686551155,79.06428527832031,2495700
2024-12-24,79.32358403661578,79.57290382264665,78.52077402125096,79.14407348632812,1035700
2024-12-26,78.88477741007908,79.961840693122,78.76011751922604,79.49311828613281,1622000
2024-12-27,79.10416995080415,79.65267644408583,78.67533967659347,79.29365539550781,1533000
2024-12-30,78.90472065000573,78.94461272477648,77.38885224325789,78.3861312866211,1850600
2024-12-31,78.78504605497946,79.05430805445638,77.75784983645444,77.96727752685547,1877800
2025-01-02,78.70527209480056,78.70527209480056,77.50854010651352,78.16674041748047,2658500
2025-01-03,78.33627748544586,80.40064494806316,78.17670917498471,80.30091094970703,2712600
2025-01-06,80.30091064842327,82.17580024612826,80.20118425907712,81.49765014648438,3746500
2025-01-07,81.65720668158714,83.21296718882861,81.2283763815053,83.14315795898438,3382000
2025-01-08,84.41967907942944,87.06247027071257,84.0606579873272,86.02529907226562,4432600
2025-01-10,85.14768898655369,85.83581401783518,84.17035970450915,84.52938079833984,3792000
2025-01-13,84.90832873803966,85.31222549323772,83.66871478373368,85.12773132324219,2903800
2025-01-14,85.69143436930895,85.7912016616954,83.62622020870788,83.93550109863281,2821300
2025-01-15,85.02298966782094,86.05060729649507,82.66844490560817,83.46659851074219,4148700
2025-01-16,83.56636607315775,85.15268666339655,83.18624254407032,84.80349731445312,2115900
2025-01-17,86.14039753511607,86.14039753511607,84.38447174279662,84.54409790039062,2855000
2025-01-21,84.94317339926432,87.41744350366815,84.44432929538715,87.1380844116211,2861800
2025-01-22,87.01835886166403,88.06592681841182,86.55243564858145,87.12810516357422,2381200
2025-01-23,87.1281090153102,88.46500749876282,86.65919436128361,87.95619201660156,1696900
2025-01-24,87.3077047628353,88.5747655473845,86.81883201817766,88.46501922607422,2008400
2025-01-27,88.67452492873322,89.48265755085599,87.96616721652562,88.78427124023438,2376800
2025-01-28,88.54483095041502,89.11351294049952,87.49725525784808,87.57707214355469,2406800
2025-01-29,87.58705276159591,88.4051568256814,87.33763069801184,87.64691162109375,1336100
2025-01-30,88.34529879683002,89.5425216685873,88.20562304885026,89.34298706054688,1618700
2025-01-31,88.92394639149407,89.59240326941995,88.01605408897855,88.09587097167969,1775500
2025-02-03,87.20793380793756,88.2854313357424,86.16035809807038,87.30770111083984,2142300
2025-02-04,87.48727188134906,87.82648218153778,86.55942164433922,86.7290267944336,2488900
2025-02-05,86.80884157843931,87.58703705942946,86.10048395826222,86.96846771240234,2346900
2025-02-06,87.30769451997381,90.53022306981654,87.16302547169288,88.34529113769531,3252700
2025-02-07,88.5947074230731,89.15341033023778,87.29571555215902,87.43738555908203,1671400
2025-02-10,87.79655064174108,88.07590208499293,86.66417254478604,87.2977066040039,2036400
2025-02-11,86.60931139122907,87.77661238613537,86.5344878199081,86.82880401611328,2392400
2025-02-12,85.74131682320993,86.46962486575613,85.30233162819181,85.70140838623047,3656300
2025-02-13,89.79193495982203,94.58084120238186,89.43276661104221,93.2638931274414,7832700
2025-02-14,92.98453533886348,92.99451435195618,90.96920856427246,91.996826171875,3946400
2025-02-18,92.03673754832897,93.044404773646,91.91202652184072,92.45576477050781,3262700
2025-02-19,92.06666353676404,92.93465498892256,91.38823527354693,92.30610656738281,3284000
2025-02-20,92.11654871997027,92.92467368574019,91.32837416802826,91.8770980834961,2341200
2025-02-21,91.32836635681683,91.52790092505616,90.22093199605004,90.87940216064453,2854700
2025-02-24,90.43045645977313,91.48800349988073,90.16208113919303,90.3606185913086,2769000
2025-02-25,90.87940332369529,91.17871279164063,89.80190598495516,90.60005187988281,2310900
2025-02-26,90.16108720514165,91.43812690919351,89.94658027967206,90.50029754638672,1845500
2025-02-27,89.90168658392042,91.9848570406388,89.07360353016239,89.19332885742188,3926200
2025-02-28,89.75202264050016,90.05133212213214,85.69143228396088,87.14805603027344,4214400
2025-03-03,87.28774163735898,88.77430258948135,86.09051879884798,86.2501449584961,3556300
2025-03-04,86.41974648812828,86.41974648812828,82.51878233974652,84.11508178710938,3998900
2025-03-05,83.80581121137519,85.290370260492,83.5962975967576,84.56405639648438,3111100
2025-03-06,83.80580337762152,85.67148293114134,83.42668462638363,85.2125473022461,3946100
2025-03-07,85.30233960163247,86.73901302015896,84.50418601094957,86.37984466552734,4076700
2025-03-10,85.5766925089044,87.13806910375239,84.67378605738477,85.16265106201172,3552100
2025-03-11,87.13808231222798,89.02371998226995,84.74363676071181,85.39212799072266,4276600
2025-03-12,85.52182901282397,85.89096875497374,83.56136784965854,83.5962905883789,2819700
2025-03-13,83.446650990647,83.92554473637476,80.97238820436749,81.26171112060547,3605700
2025-03-14,81.96008649837327,82.1396706774106,80.21512930245018,81.78050231933594,5207300
2025-03-17,81.65080938983607,82.70337088395536,81.43132435080012,82.27935791015625,2526800
2025-03-18,81.97006178528295,82.18954678367821,81.04221150439564,81.95010375976562,2899900
2025-03-19,81.69070866653612,82.43398913024255,81.59094136694473,82.20951080322266,3124200
2025-03-20,81.86032315567928,82.4888640067924,81.36147903556365,81.6208724975586,2731100
2025-03-21,80.96239490720076,81.6408231537745,79.96470675704857,81.30160522460938,4304400
2025-03-24,81.96008791847741,82.59860776350546,81.29163864505071,81.51112365722656,4453600
2025-03-25,81.77051933154776,82.69836960951498,81.29163328522971,82.26936340332031,3730100
2025-03-26,82.20950138068939,82.66843699561403,80.29892774605635,80.81273651123047,2859100
2025-03-27,81.20184184771317,82.6085858609078,80.98234922621413,81.47122192382812,3074600
2025-03-28,81.23176373669953,81.59891679591063,79.60054916439616,79.82502746582031,3189800
2025-03-31,79.51574738722152,80.82272411987651,79.01690328162601,80.5234146118164,4151200
2025-04-01,80.18419323769034,80.65310023853733,79.14659672744801,79.38603973388672,2996300
2025-04-02,78.59787557431999,79.69533107750074,78.51805869109599,79.1765365600586,2806100
2025-04-03,76.35806908343673,76.41293462646233,70.2871297641945,71.83354949951172,9331400
2025-04-04,63.213519134872335,63.649509112112604,57.90581870452634,60.3701057434082,16890600
2025-04-07,60.39006338991659,63.59763099158291,58.71893647526108,60.849002838134766,9299600
2025-04-08,63.04391573894709,64.28105077664863,57.915799020136646,58.61418151855469,7418900
2025-04-09,57.56660811941987,65.37850450457547,57.516724472139515,64.82978057861328,8488500
2025-04-10,63.54275308575421,64.05157233709807,59.55898451170081,62.13601303100586,7636300
2025-04-11,62.19588026713155,63.44997425825053,60.71830510168513,62.664794921875,7221500
2025-04-14,63.772220029670116,64.63522569639638,63.09379563898752,64.24113464355469,4896000
2025-04-15,64.35088556597111,64.6501950551666,62.51513922084626,62.95412063598633,5405800
2025-04-16,62.9541254086607,63.547751119789886,60.55967595471668,61.33787155151367,6206900
2025-04-17,61.846688443286986,62.69472182581386,61.55735797409427,62.225807189941406,4474000
2025-04-21,61.58728964301349,61.662117016168395,59.811405936587086,60.340179443359375,5755100
2025-04-22,61.44761414671004,62.19588026938996,60.609555937073395,61.507476806640625,4508800
2025-04-23,64.350884840467,66.92492206090722,64.12640653197944,64.73998260498047,6292800
2025-04-24,64.88963450458301,67.23420000159304,64.6202544567964,66.92491912841797,6555800
2025-04-25,68.87641016125654,70.69314995073589,67.80832700396478,68.29744720458984,5508600
2025-04-28,68.20762608452023,68.67678555564463,67.15950353772186,67.94808959960938,3896300
2025-04-29,67.7584251166878,68.417246721362,66.98980752696495,67.96804809570312,5692100
2025-04-30,72.37015222122444,72.46997159769387,69.7149126359021,70.20404052734375,12759300
2025-05-01,70.1940528397931,70.79297668477359,67.50886833565919,67.54879760742188,8115300
2025-05-02,69.77480997157835,71.0824613123336,69.24576042503554,70.40367889404297,7209400
2025-05-05,69.80476032625153,70.46357434997357,69.06608774943264,69.24576568603516,5927300
2025-05-06,68.3573585789163,68.85646310014874,66.94988017349014,66.96984100341797,5677400
2025-05-07,67.35415442935029,69.18586713047307,66.8300931525908,68.69674682617188,5304500
2025-05-08,69.3655403121358,71.2721231311497,68.9862236390782,70.37373352050781,6022300
2025-05-09,70.62328659387568,71.68138569450288,69.66500686988174,69.74486541748047,5724400
2025-05-12,76.812189953195,77.61076030812418,73.37835570475472,73.97727966308594,8031200
2025-05-13,74.21682678892378,75.5544306137724,73.53804446341758,73.69776153564453,4751000
2025-05-14,73.37834715178386,73.81256563820855,72.58976111253489,72.70954132080078,3849400
2025-05-15,72.15054242630566,72.92914419676177,71.42684245329094,72.7794189453125,3448000
2025-05-16,72.77942384866937,73.09885043283178,71.91596755657854,72.9990234375,3309100
2025-05-19,72.11061769485805,73.1587402153837,71.751261837291,72.96907806396484,2418500
2025-05-20,72.46997020933608,72.86925532329467,71.66142337497425,71.7213134765625,3268200
2025-05-21,71.29208418547695,71.36195851009624,69.28568960038157,69.45538330078125,3225900
2025-05-22,69.28568300344789,69.98941448591948,68.10080496397626,69.31562805175781,2835100
2025-05-23,68.37731126736637,69.23577155093035,68.31742116898319,69.0361328125,2486600
2025-05-27,70.25395117447461,71.2621444614018,69.64504303624707,70.88282775878906,3183800
2025-05-28,70.88281910639675,71.3220258621964,70.37373041355393,71.02256774902344,2448600
2025-05-29,71.6714143296476,71.87105309751503,70.65323681262355,71.40189361572266,2807600
2025-05-30,71.21222842470098,71.21222842470098,69.46536262514337,70.41366577148438,7095500
2025-06-02,70.30386560922152,70.3238264398432,69.73488673986783,70.02436828613281,2396200
2025-06-03,69.87463605988752,71.17231091872067,69.18586935312044,71.03256225585938,2445300
2025-06-04,71.22221646946169,71.42186285527754,70.80297048284473,71.00260925292969,1672500
2025-06-05,71.18228408867765,71.85108993233654,70.72310884491804,71.42185974121094,1898800
2025-06-06,71.89100723488988,72.32023740000088,70.7530496093826,71.49172973632812,2152700
2025-06-09,71.72131917011004,72.85927688500345,71.34699077400744,71.54164123535156,2075600
2025-06-10,71.76124971353552,73.98725929925791,71.63148527559142,73.78761291503906,4533500
2025-06-11,73.87245927897266,74.02718808160776,72.7095448017576,73.26854705810547,3051600
2025-06-12,73.07887668436943,73.66282800917847,72.20045554559967,72.97905731201172,3574800
2025-06-13,72.06070773839099,72.65963159522579,71.78121044625009,72.12059783935547,2976900
2025-06-16,72.22041873020514,72.98904391547129,71.55162053628385,72.72950744628906,3046900
2025-06-17,72.24038893659836,72.57977634511133,70.7680245513855,71.01258850097656,2918100
2025-06-18,71.12239256498569,72.04074303418986,70.86285608778263,71.76124572753906,3496300
2025-06-20,72.46997946330626,72.47996368675592,71.08745772117378,71.15234375,6306600
2025-06-23,71.15234247217994,71.2571577771914,69.36554729333226,71.03256225585938,3142300
2025-06-24,71.45179675457779,72.16052417818715,71.28210306492407,71.85108184814453,8746500
2025-06-25,71.8810326680205,72.71952457766807,70.97265881683863,72.61970520019531,5681100
2025-06-26,72.86925983866776,75.15515945160405,72.78940128778156,74.7259292602539,5091900
2025-06-27,75.06531144571163,75.43465150601861,73.94732227415328,74.24678039550781,6817100
2025-06-30,73.8674654578569,74.44642850138291,73.44023060769817,73.93733978271484,2952400
2025-07-01,73.68778998957511,76.6874053708339,73.47816700801732,75.81397247314453,3298700
2025-07-02,75.64427806983264,76.02360237026026,75.2250321105783,75.98367309570312,2526100
2025-07-03,76.04356520066857,76.39293684257382,75.55444490200121,75.93376159667969,1800500
2025-07-07,75.47458846550394,76.35300970629682,74.24678795728597,74.47637939453125,3528300
2025-07-08,74.52628150309503,76.5426601673366,74.36656442060124,75.0653076171875,3522500
2025-07-09,75.71415089216701,75.97368736376703,74.74588694665144,75.37476348876953,2574300
2025-07-10,75.37476651874992,77.18152243874547,74.9954422106099,76.36299133300781,2738500
2025-07-11,75.53447906720652,75.72613655045657,74.80579070543544,74.99544525146484,1897900
2025-07-14,74.6760138741923,74.74089989711334,73.74767918686771,74.31665802001953,2236700
2025-07-15,74.65605239809666,74.79580104953872,73.52807896410567,74.25676727294922,4637500
2025-07-16,74.30667199029772,76.07349836948529,74.06709637407646,75.31485748291016,6398500
2025-07-17,75.15515905420868,76.44284962145024,74.67601536715557,76.10345458984375,3968000
2025-07-18,76.7023805824976,76.7173607248831,75.31487059713234,75.82395935058594,3383600
2025-07-21,75.58438714487716,75.76406507056744,73.96229751029797,74.02718353271484,3902800
2025-07-22,74.02718326810017,76.6424859801288,73.97726977169172,76.3530044555664,4674300
2025-07-23,77.46102786538022,77.66067426313998,76.56263811478969,77.11165618896484,2337000
2025-07-24,76.86209876235255,77.7155708722587,76.17832798312394,76.63250732421875,2392500
2025-07-25,76.65747686180673,77.72604740069957,75.86853111900483,77.50634002685547,3132700
2025-07-28,77.26665329043071,78.66477710028357,76.87817297057802,77.63615417480469,3950900
2025-07-29,78.10553908425833,78.59488248980573,77.336570875541,77.61619567871094,4524000
2025-07-30,73.25201879075365,73.82625528703217,70.22606743241349,71.54430389404297,12910000
2025-07-31,72.24336559125175,72.91247640529765,71.01501287465452,71.2247314453125,6427700
2025-08-01,70.2959782352499,70.80529915269916,68.99771162032556,69.75669860839844,5128400
2025-08-04,70.31595814157176,70.88019829901121,69.81662598360873,70.54564666748047,3251600
2025-08-05,70.89517387818375,71.44444227036949,70.41581929882499,70.6455078125,3726200
2025-08-06,70.84524863716148,70.93512476790396,69.48706456511229,69.8665542602539,5171000
2025-08-07,70.7553541019903,71.43444603450105,69.91647986611385,71.00502014160156,4233700
2025-08-08,71.10489697334157,71.98871703535083,70.91515593243417,71.9038314819336,3025100
2025-08-11,71.94377949213519,73.24203855402716,71.82393702921419,72.90249633789062,4130000
2025-08-12,73.13219133986053,74.51034535541527,72.95143334216581,74.31061553955078,2338000
2025-08-13,74.31061602625583,75.33923906118275,74.21574169637738,75.22938537597656,3067900
2025-08-14,74.81992650521674,75.01966393401034,73.15215897561039,73.56161499023438,3122600
2025-08-15,73.91114966081416,74.42046298648546,72.96241396983392,73.30196380615234,2926900
2025-08-18,73.26202193096799,73.6814591557258,72.612888538821,73.07227325439453,2292500
2025-08-19,72.82259998363263,73.94609733742818,72.60289261537329,73.87120056152344,2949900
2025-08-20,73.95109165906251,74.29063385097196,73.52166572157466,73.77133178710938,2156900
2025-08-21,73.40183050187022,73.96508018795963,72.872539609841,73.05229949951172,2575900
2025-08-22,73.75135689277487,75.45408134968888,73.59656514563794,75.1195297241211,3666500
2025-08-25,74.86986137274471,75.00967376069426,73.89915958257856,74.49036407470703,2022000
2025-08-26,74.48038646173693,74.80894177944964,73.66148202798048,73.99103546142578,1845900
2025-08-27,73.6714613895466,74.38051974100718,73.62153274652236,74.16081237792969,2113000
2025-08-28,74.32559644214953,74.40049321985695,73.12220408562203,73.62153625488281,2511900
2025-08-29,73.58158686900455,74.0509603150749,73.10222464642945,73.63152313232422,1983000
2025-09-02,72.8725446546766,73.21208690355807,71.04498691970652,71.5043716430664,4045600
2025-09-03,71.81894991509942,72.56295762228467,71.53432690913303,72.2833251953125,3882900
2025-09-04,72.38318735229636,74.04096602606865,71.46441046236592,74.02099609375,2217100
2025-09-05,74.15082628767057,75.64882277833058,74.11087880028181,75.62885284423828,3010700
2025-09-08,76.0383043667106,78.3252466836367,74.88983881971915,78.05561065673828,6251200
2025-09-09,77.83589787036632,78.78462590634666,77.30660701118546,78.60486602783203,3997900
2025-09-10,78.60486445584368,79.58355880134054,75.54895420141294,75.88849639892578,4250400
2025-09-11,75.83856700806254,78.29528019491686,75.53896467975193,77.85586547851562,4358000
2025-09-12,77.36652895238007,77.53130948558217,76.27798084131278,76.33790588378906,3254100
2025-09-15,76.47771141889295,78.13549014063479,76.39781644889959,77.65613555908203,3196700
2025-09-16,78.21539265777542,78.39515254800399,77.20673951709264,77.37651824951172,3384400
2025-09-17,77.39648196588487,78.57490612510134,76.0083392214524,76.52764129638672,2925300
2025-09-18,76.88716543843809,76.94709047992443,73.6514951087333,73.90116119384766,3841300
2025-09-19,74.3605406596301,75.43909990027028,74.29063446547029,74.80994415283203,6294100
2025-09-22,74.51035315247584,74.96973787239928,73.67646927421437,74.67013549804688,3155900
2025-09-23,74.53031729280757,75.3392405929732,74.37053495966161,74.50035858154297,3143100
2025-09-24,74.61021580772282,74.93977688567298,73.57160392579803,73.88119506835938,2320500
2025-09-25,72.80263451859274,72.80263451859274,69.69179712139865,71.40450286865234,5017100
2025-09-26,72.13353167370839,72.89251111829998,71.62421070544475,72.36322021484375,2679100
2025-09-29,72.9024944749778,73.54662960110831,72.34324490071229,72.99237060546875,2914600
2025-09-30,72.70277127855732,75.1694659434015,72.61288752068106,74.99969482421875,4089700
2025-10-01,74.859873141582,76.3978170394252,74.11087493531312,75.40914154052734,3579400
2025-10-02,74.99968813598572,76.74735067799233,74.510344757601,76.71739196777344,2517100
2025-10-03,77.05693780445948,77.84587586337989,76.32790954367024,76.45773315429688,2696300
2025-10-06,76.5576036800629,76.59754354444269,75.77863917899516,76.30793762207031,1677100
2025-10-07,75.02963978885776,75.38915951607589,74.10088176341152,74.39049530029297,2808300
2025-10-08,74.33058584888781,75.07958409096882,73.71141122585402,75.02964782714844,2477900
2025-10-09,74.7799793379808,75.18544289151713,73.6914389184335,74.12086486816406,1825200
2025-10-10,73.9121444949211,74.4404372348628,69.9364591448756,70.91515350341797,7015400
2025-10-13,71.92380132611945,72.73272461033906,71.60422904692284,71.7440414428711,2693700
2025-10-14,71.07493468204292,73.00235703915838,70.88519365069423,72.24337005615234,2783600
2025-10-15,72.79263897024474,73.84123951495974,72.16348321493803,73.12220001220703,3432900
2025-10-16,73.7913033401259,74.13584373720141,72.65781724433354,73.281982421875,1766900
2025-10-17,72.90248748130257,74.10088148810843,72.55295653091781,73.95108795166016,2049500
2025-10-20,74.25069294510104,75.81160886043817,73.96107936911538,75.37918853759766,2050900
2025-10-21,75.14949645995084,76.44776323385116,75.0795902563842,75.99835968017578,1644400
2025-10-22,75.91844948368333,77.03695613578445,75.5988772429692,76.03829193115234,2547300
2025-10-23,76.21806005355663,77.29661934006641,75.77864531774803,77.15680694580078,2235200
2025-10-24,77.51149608356832,78.26083380837622,77.07188217909726,78.07099914550781,2600300
2025-10-27,78.55057332647652,79.08010406320639,78.21086961710866,78.28080749511719,4093600
2025-10-28,78.05101140678602,79.67956913523697,77.61139755161734,79.32987976074219,5877000
2025-10-29,76.672226578703,78.31577810088262,73.66489028403086,77.31166076660156,8765300
2025-10-30,77.31166475869172,77.31166475869172,73.8846934078463,74.93376922607422,3474800
2025-10-31,74.57408813709976,75.12360550570722,73.45507441496159,74.8838119506836,3275700
2025-11-03,74.76392619547175,75.80300877985091,73.57297740173496,74.40424346923828,4442900
2025-11-04,74.34429372988119,75.42333421104267,73.83474196596839,74.23439025878906,2489700
2025-11-05,74.14446298838696,76.7421653602048,73.24525626896548,75.54322814941406,3732000
2025-11-06,75.39336155302054,76.29256830178952,73.95463075499018,74.10449981689453,2554200
2025-11-07,73.53499858513143,74.0745225984809,72.63079905612544,72.98548889160156,4401300
2025-11-10,73.40512205280318,73.93465280597759,72.14623258689792,73.41511535644531,4400700
2025-11-11,73.43509356062921,74.32430700889772,72.75569375067221,73.34517669677734,3672900
2025-11-12,73.63491181827398,75.43332527115231,73.22527785674205,74.91378784179688,3034600
2025-11-13,74.27435438694312,75.52325064141276,73.85472707487918,73.9046859741211,2708200
2025-11-14,73.64490647236012,73.95963073805089,72.43597592678368,73.08540344238281,4407300
2025-11-17,72.50590842320568,72.935528967234,70.22792325864862,70.56761932373047,4806100
2025-11-18,70.41776657051014,71.44685581786901,69.97315982900099,70.95728302001953,3371500
2025-11-19,71.17708476415675,72.27611181329677,70.82739537888358,72.24613952636719,4218900
2025-11-20,73.0654183086039,75.28345911167126,72.9755014438263,74.68399047851562,8322400
2025-11-21,74.82387197520198,77.02692680303694,73.28523087112636,76.38249206542969,8388600
2025-11-24,76.43743013223568,78.95020834320776,76.43743013223568,78.1708984375,7118800
2025-11-25,78.1709066939132,81.86764391915061,78.0809898288298,79.88938903808594,5949700
2025-11-26,79.999289094985,81.19822631418586,79.63461356439875,80.55879211425781,3091600
2025-11-28,80.57877810115453,80.61874369117484,79.55967461227876,79.91935729980469,1353300
2025-12-01,79.27992452599071,80.21909685166176,78.93023513536544,79.1700210571289,2540800
2025-12-02,79.64959623972854,80.65870638925433,79.27992026228769,80.14915466308594,2367800
2025-12-03,80.13916208800073,84.03571935010352,80.02925862405156,83.51617431640625,5253900
2025-12-04,82.85676990892388,83.62608661518725,81.47799124642985,82.44712829589844,3321100
2025-12-05,82.83678559968942,85.48443927895084,82.46710960359586,85.38452911376953,4439300
2025-12-08,85.3245819674972,85.81414709798999,82.40116351438384,83.01661682128906,4234100
2025-12-09,83.06657613419742,83.56613457023309,82.61697659082805,82.95667266845703,2749300
2025-12-10,82.60198809609987,84.79504926295952,82.43713290218228,84.39540100097656,2562000
2025-12-11,84.39540771428334,86.11389004164866,84.0607044597621,85.97401428222656,3478800
2025-12-12,85.92405608277475,85.92405608277475,83.4862083314085,83.88585662841797,2386900
2025-12-15,84.73510231247595,84.98488153883996,83.53616507499153,84.37541961669922,3566100
2025-12-16,84.37542237896236,84.42538127493351,81.66781639125436,82.1773681640625,3207400
2025-12-17,82.12740962201151,83.48620927358397,82.0374927560647,82.3072509765625,3100800
2025-12-18,82.73687312940626,83.40628728672448,82.16737676634813,82.44712829589844,2095100
2025-12-19,82.92171361173175,83.56614068742196,82.22732763971817,82.81680297851562,6437600
2025-12-22,83.32635120201363,84.10566116642251,82.97666181063234,83.86587524414062,2237700
2025-12-23,83.73598697244664,83.93581493086782,83.09155991034918,83.24642181396484,2117000
2025-12-24,83.35632606569115,83.76096720412805,83.02661564820284,83.31636047363281,807000
2025-12-26,83.47621875625315,83.91083216179801,83.19645962553717,83.53616333007812,1462500
2025-12-29,83.49619585613662,83.99575428715877,82.84676837127647,83.07656860351562,1383400
2025-12-30,82.92670590163364,83.51618123651673,82.82679573230772,83.25641632080078,1510500
2025-12-31,82.99664667186926,83.09655684467344,81.86764723613244,81.94757080078125,1578100
2026-01-02,82.50707838859738,83.49620202070489,82.12740907448905,82.74686431884766,3433500
2026-01-05,82.71689168886645,85.40451867434768,82.15738864637353,84.96490478515625,2857900
2026-01-06,84.72511594835136,87.15796315426348,84.40539884609052,86.65341186523438,2512500
2026-01-07,86.25376144924897,87.16295383962043,85.30459584659407,85.68426513671875,2450100
2026-01-08,84.95490505288623,89.69071681636316,84.51529119696075,88.08214569091797,4219600
2026-01-09,87.55740054361087,88.47195651454808,85.36346822830832,87.23755645751953,2991300
2026-01-12,86.52790095743985,87.07763654432395,85.29849574753743,86.85774230957031,1965900
2026-01-13,87.07763837625733,87.55740069337267,84.4289254826381,84.72877502441406,2709000
2026-01-14,84.11907702075558,85.3684691512277,83.51936269758146,85.2585220336914,3776200
2026-01-15,84.16904942366352,84.23901507901748,82.38991622264768,82.46987915039062,5188400
2026-01-16,82.64979624031652,82.6597858875426,81.11054411647693,81.71025085449219,6127100
2026-01-20,79.6012754605913,79.96110102525975,78.271920325882,78.79167175292969,5702600
2026-01-21,79.4113629509798,81.28045637492157,79.13150032615098,81.06056213378906,4418900
2026-01-22,81.43038762858862,83.16953944394004,81.17550673815691,81.85018157958984,5526300
2026-01-23,81.2204897852224,81.77021777451147,79.5413063734752,79.73120880126953,2340500
2026-01-26,79.73120778998336,80.99059723924124,79.48132935465276,80.23096466064453,2915000
2026-01-27,80.52082599120602,80.91063574719216,79.77119067189659,80.28094482421875,1969000
2026-01-28,79.96109644195505,80.1909879495268,79.0915167729024,79.2214584350586,1985700
2026-01-29,79.55129528236391,79.71122114184863,77.63223072265552,78.74169158935547,3697100
2026-01-30,78.6217556540961,79.0725327584239,77.96207291525373,78.93160247802734,2724200
2026-02-02,78.41184848214783,80.19098931382494,78.26192752431606,80.071044921875,3353200
2026-02-03,79.58128710028082,80.80068746327063,78.19196360516733,78.74169158935547,4574200
2026-02-04,79.67124245559421,85.49840962073593,79.02655942306362,82.5898208618164,7006500
2026-02-05,82.27997102750558,83.93916750139114,81.75022996376865,82.26997375488281,3997700
2026-02-06,82.43989845278399,83.45939913481817,80.42087638297134,80.61078643798828,3468900
2026-02-09,79.96309843771238,80.46085738647514,78.55178245151082,79.04154968261719,3171000
2026-02-10,79.37139046022435,80.54881143386605,79.09152020495807,79.18148040771484,3867500
2026-02-11,78.89161841489876,79.45634610827982,78.26192751502649,79.16148376464844,3500200
2026-02-12,79.57128762437931,79.79118186223975,76.62272520935656,78.61175537109375,3849900
2026-02-13,78.61176072646832,82.05008296188718,78.43983965800213,80.30093383789062,5691900
2026-02-17,80.12102819984935,82.6098153748298,80.02107072138281,81.57032012939453,3898800
2026-02-18,81.580312882215,83.13955185113183,80.85066450853611,82.90966033935547,2263300
2026-02-19,82.49986234704619,83.0396006642759,81.65027722065449,82.96963500976562,2206800
2026-02-20,82.75974376137555,87.07764297170996,82.24998960006465,84.18904876708984,5238900
2026-02-23,83.87918987979718,84.6688066367629,82.54983479684155,83.81922149658203,2926500
2026-02-24,83.81922233559229,85.12858288679288,83.47938370070752,84.0091323852539,2212500
2026-02-25,84.05910139678598,84.91868379652983,83.09956915128492,83.9891357421875,2176700
2026-02-26,84.14906150911648,84.7187840175975,82.83469854299653,83.87918853759766,2286000
2026-02-27,83.17953431780408,84.63882345706745,82.45988320788032,84.22901916503906,3094000
2026-03-02,82.88967479087133,82.88967479087133,79.52631318984133,80.12102508544922,3500800
2026-03-03,78.25192872145779,79.15149257927749,77.25241501847688,78.09200286865234,4244300
2026-03-04,78.46183120538356,79.18148234228137,77.74218006848574,78.98157501220703,2462100
2026-03-05,78.04203164683913,78.32688908642373,75.52325284856116,77.07250213623047,3940400
2026-03-06,75.68317852870511,76.24290376007637,74.15392378893411,74.23387908935547,2773200
2026-03-09,73.31433339954508,75.9430594913251,72.26484851795647,75.59322357177734,2906100
2026-03-10,75.10346537557156,75.46329094909224,71.6851300528102,72.69464111328125,4395500
2026-03-11,72.53471449686931,73.16440543117619,71.88502901663747,72.61467742919922,2491100
2026-03-12,71.65514625316335,72.11492168281478,69.15636177091534,70.29580688476562,4776100
2026-03-13,70.95548232922778,71.08542400330442,70.12589167305852,70.73558807373047,4497400
2026-03-16,71.83505341512566,72.53071410642588,71.30530474080108,72.13490295410156,3367300
2026-03-17,72.68463728510511,73.85406648073906,71.99497039377437,72.30481719970703,3332100
2026-03-18,71.46523542845377,72.05494489963249,70.14088271729138,70.2158432006836,4304700
2026-03-19,69.40623409262473,70.99545722272428,69.34126326160205,70.34577178955078,4278500
2026-03-20,69.83602889002537,70.52568819632867,68.96644917689625,69.61613464355469,5121600
2026-03-23,71.88502342456862,72.44475628165036,70.79555715264378,71.61515808105469,3377400
2026-03-24,70.84552840673524,71.81505791715826,70.63563144453299,70.92549133300781,6136900
2026-03-25,72.0949208202636,73.04945823901876,71.795071284075,72.16488647460938,3563200
2026-03-26,71.72510511015422,73.46925163288387,71.32529810578121,71.50521087646484,4860900
2026-03-27,71.04544143942657,71.21535695216558,69.11637953555454,69.19634246826172,3526000
2026-03-30,69.96096744711932,70.42573767901683,68.40672326593774,68.73655700683594,3776900
2026-03-31,69.86600942142084,71.3502878816327,68.68658294589825,71.1453857421875,3496500
2026-04-01,70.9854598293742,72.10491792194297,70.9854598293742,71.94499969482422,3351200
2026-04-02,70.38999938964844,72.29000091552734,69.80000305175781,70.3499984741211,2750700
2026-04-06,70.3499984741211,70.87000274658203,69.84500122070312,70.4000015258789,2327000
2026-04-07,70.4000015258789,70.80999755859375,68.94999694824219,69.7300033569336,3213300
2026-04-08,72.81999969482422,74.12999725341797,72.0,73.75,4579700
2026-04-09,72.73500061035156,73.20999908447266,71.2750015258789,72.91000366210938,3580400
2026-04-10,73.41999816894531,73.69000244140625,72.58999633789062,73.18000030517578,2691600
2026-04-13,72.62000274658203,73.95999908447266,72.05000305175781,73.83000183105469,2326400
2026-04-14,74.08000183105469,75.08999633789062,73.88999938964844,74.66999816894531,2179300
2026-04-15,74.62999725341797,75.08000183105469,73.44000244140625,73.51000213623047,3159100
2026-04-16,73.5,74.30000305175781,72.8499984741211,73.19999694824219,2685900
2026-04-17,75.04000091552734,75.94999694824219,74.36499786376953,74.66000366210938,3461400
2026-04-20,74.02999877929688,75.18000030517578,73.86499786376953,74.1500015258789,2245900
2026-04-21,74.42500305175781,74.63999938964844,72.08000183105469,72.26000213623047,2720700
2026-04-22,72.86000061035156,72.86000061035156,70.91300201416016,71.37999725341797,3558100
2026-04-23,70.98999786376953,71.43900299072266,69.2750015258789,69.88999938964844,3291600
2026-04-24,69.47000122070312,69.58999633789062,68.5199966430664,68.83000183105469,3587700
2026-04-27,69.19000244140625,70.81999969482422,69.0,70.4800033569336,5314100
2026-04-28,70.69999694824219,70.87999725341797,68.38999938964844,68.5,5086800
2026-04-29,62.150001525878906,62.900001525878906,58.75,59.48500061035156,23475900
2026-04-30,59.209999084472656,61.029998779296875,59.18000030517578,60.84000015258789,10031000
2026-05-01,61.529998779296875,61.529998779296875,59.810001373291016,61.029998779296875,11978600
2026-05-04,60.7400016784668,62.52000045776367,60.709999084472656,61.0,7799000
2026-05-05,61.0,61.47999954223633,60.13999938964844,61.040000915527344,7372600
2026-05-06,61.81999969482422,62.689998626708984,61.130001068115234,61.73500061035156,5358900
2026-05-07,61.83000183105469,62.349998474121094,61.20000076293945,61.34000015258789,3828400
2026-05-08,62.51499938964844,63.4900016784668,62.0,63.470001220703125,8357200
2026-05-11,63.0,64.3499984741211,61.4900016784668,61.70000076293945,6074300
2026-05-12,62.34000015258789,62.790000915527344,61.72999954223633,62.290000915527344,4300000
2026-05-13,61.68000030517578,62.34000015258789,61.0099983215332,61.88999938964844,4169700
2026-05-14,62.13999938964844,63.2599983215332,62.1150016784668,62.66999816894531,4515600
2026-05-15,62.369998931884766,62.63999938964844,60.66999816894531,60.7599983215332,4777500
2026-05-18,60.9900016784668,62.560001373291016,60.86000061035156,61.5099983215332,4998100
2026-05-19,61.404998779296875,62.38999938964844,61.189998626708984,61.58000183105469,5312200
2026-05-20,61.93000030517578,64.38999938964844,61.0,64.26000213623047,8740700
2026-05-21,64.19999694824219,65.0,62.72999954223633,64.33000183105469,5107800
2026-05-22,64.29000091552734,65.0999984741211,63.90999984741211,64.2300033569336,3181500
2026-05-26,64.2300033569336,65.08999633789062,63.5,64.18000030517578,4011300
2026-05-27,65.0,65.62999725341797,63.33000183105469,63.880001068115234,3981000
2026-05-28,63.310001373291016,63.65999984741211,62.33000183105469,62.86000061035156,4520500
2026-05-29,62.75,63.03499984741211,62.189998626708984,62.34000015258789,5614600
2026-06-01,62.5620002746582,62.73500061035156,60.869998931884766,62.689998626708984,8589500
2026-06-02,62.18000030517578,62.597999572753906,61.52000045776367,61.9900016784668,3234400
2026-06-03,61.68000030517578,62.11000061035156,60.72999954223633,62.029998779296875,4294900
2026-06-04,62.630001068115234,64.70999908447266,62.5099983215332,63.810001373291016,4468800
2026-06-05,63.79999923706055,64.77999877929688,63.58000183105469,64.66999816894531,4930900
2026-06-08,64.75,65.25,64.27999877929688,64.66999816894531,4635600
2026-06-09,65.0999984741211,66.41000366210938,64.7699966430664,66.01000213623047,4875100
2026-06-10,65.69000244140625,66.25,63.73500061035156,63.7599983215332,3797300
2026-06-11,64.22000122070312,65.0,63.02000045776367,64.51000213623047,3060300
2026-06-12,64.61000061035156,65.41000366210938,63.70000076293945,65.18000030517578,3174800
2026-06-15,66.05999755859375,66.44000244140625,64.63999938964844,64.76000213623047,3406600
2026-06-16,64.86000061035156,65.08499908447266,62.90999984741211,63.22999954223633,4626100
2026-06-17,63.0,63.34000015258789,60.779998779296875,61.150001525878906,5053400
